word,timing,time_running
Once,0.22,0.22
upon,0.19,0.41
a,0.3,0.71
time,0.18,0.89
in,0.14,1.03
the,0.24,1.27
quaint,0.07,1.34
little,0.24,1.58
town,0.17,1.75
of,0.49,2.24
"Serendipity,",0.31,2.55
nestled,0.34,2.89
between,0.17,3.06
the,0.24,3.3
rolling,0.36,3.66
hills,0.3,3.96
and,0.13,4.09
the,0.52,4.61
sparkling,0.54,5.15
"river,",0.3,5.45
a,0.26,5.71
young,0.19,5.9
girl,0.21,6.11
named,0.32,6.43
Amelia,0.5,6.93
eagerly,0.41,7.34
awaited,0.15,7.49
her,0.3,7.79
12th,0.3,8.09
birthday.,0.3,8.39
The,0.48,8.87
townspeople,0.4,9.27
were,0.16,9.43
known,0.18,9.61
for,0.12,9.73
their,0.52,10.25
unique,0.39,10.64
ways,0.14,10.78
of,0.45,11.23
communication,0.47,11.7
and,0.28,11.98
emotional,0.49,12.47
"expression,",0.64,13.11
which,0.15,13.26
often,0.32,13.58
involved,0.46,14.04
elaborate,0.07,14.11
gestures,0.28,14.39
and,0.24,14.63
heartfelt,0.53,15.16
performances.,0.3,15.46
Amelia's,0.23,15.69
birthday,0.19,15.88
celebration,0.33,16.21
was,0.08,16.29
to,0.14,16.43
be,0.3,16.73
held,0.15,16.88
at,0.13,17.01
the,0.31,17.32
town's,0.29,17.61
most,0.58,18.19
cherished,0.48,18.67
"location,",0.42,19.09
the,0.3,19.39
Grand,0.44,19.83
"Gazebo,",0.3,20.13
where,0.31,20.44
memories,0.26,20.7
were,0.22,20.92
measured,0.22,21.14
not,0.2,21.34
by,0.13,21.47
the,0.19,21.66
ticking,0.23,21.89
of,0.12,22.01
a,0.3,22.31
clock,0.44,22.75
but,0.3,23.05
by,0.14,23.19
the,0.3,23.49
laughter,0.63,24.12
and,0.23,24.35
joy,0.28,24.63
shared,0.12,24.75
among,0.3,25.05
friends,0.21,25.26
and,0.3,25.56
family.,0.61,26.17
Little,0.23,26.4
did,0.23,26.63
Amelia,0.33,26.96
know,0.22,27.18
that,0.18,27.36
this,0.25,27.61
special,0.31,27.92
day,0.14,28.06
would,0.19,28.25
take,0.4,28.65
an,0.33,28.98
unexpected,0.29,29.27
"turn,",0.3,29.57
leading,0.26,29.83
her,0.13,29.96
on,0.15,30.11
a,0.25,30.36
journey,0.26,30.62
through,0.3,30.92
physical,0.37,31.29
injury,0.27,31.56
and,0.29,31.85
emotional,0.28,32.13
trauma,0.22,32.35
that,0.07,32.42
would,0.34,32.76
ultimately,0.55,33.31
reveal,0.2,33.51
the,0.18,33.69
true,0.39,34.08
strength,0.3,34.38
of,0.13,34.51
her,0.37,34.88
spirit.,0.3,35.18
As,0.16,35.34
the,0.21,35.55
sun,0.3,35.85
rose,0.27,36.12
on,0.37,36.49
Amelia's,0.38,36.87
"birthday,",0.65,37.52
she,0.14,37.66
could,0.25,37.91
hardly,0.32,38.23
contain,0.3,38.53
her,0.27,38.8
excitement.,0.3,39.1
The,0.43,39.53
townspeople,0.41,39.94
of,0.44,40.38
Serendipity,0.44,40.82
had,0.12,40.94
a,0.2,41.14
unique,0.41,41.55
tradition,0.27,41.82
of,0.34,42.16
expressing,0.39,42.55
their,0.27,42.82
emotions,0.41,43.23
through,0.32,43.55
various,0.48,44.03
"actions,",0.28,44.31
and,0.11,44.42
Amelia,0.34,44.76
was,0.23,44.99
eager,0.16,45.15
to,0.32,45.47
partake,0.23,45.7
in,0.19,45.89
these,0.37,46.26
customs.,0.3,46.56
She,0.16,46.72
had,0.24,46.96
spent,0.22,47.18
weeks,0.36,47.54
practicing,0.35,47.89
her,0.25,48.14
blocks,0.26,48.4
while,0.38,48.78
"screaming,",0.33,49.11
a,0.24,49.35
technique,0.3,49.65
used,0.25,49.9
to,0.22,50.12
convey,0.29,50.41
sheer,0.14,50.55
joy,0.49,51.04
and,0.67,51.71
enthusiasm.,0.6,52.31
As,0.18,52.49
she,0.32,52.81
perfected,0.23,53.04
her,2.13,55.17
"moves,",0.3,55.47
she,0.25,55.72
couldn't,0.25,55.97
help,0.18,56.15
but,0.24,56.39
giggle,0.2,56.59
at,0.15,56.74
the,0.06,56.8
thought,0.11,56.91
of,0.14,57.05
her,0.28,57.33
friends',0.3,57.63
reactions,0.44,58.07
when,0.17,58.24
they,0.21,58.45
saw,0.21,58.66
her,0.35,59.01
perform.,0.31,59.32
She,0.32,59.64
started,0.39,60.03
laughing,0.31,60.34
even,0.31,60.65
harder,0.39,61.04
as,0.16,61.2
she,0.3,61.5
imagined,0.49,61.99
everyone,0.41,62.4
joining,0.31,62.71
"in,",0.3,63.01
joking,0.26,63.27
and,0.32,63.59
smiling,0.3,63.89
as,0.17,64.06
they,0.09,64.15
shared,0.18,64.33
in,0.12,64.45
the,0.34,64.79
delight,0.24,65.03
of,0.19,65.22
this,0.26,65.48
special,0.3,65.78
day.,0.24,66.02
For,0.3,66.32
"Amelia,",0.26,66.58
emotional,0.58,67.16
expression,0.4,67.56
was,0.14,67.7
an,0.15,67.85
art,0.3,68.15
form,0.22,68.37
that,0.2,68.57
brought,0.23,68.8
people,0.29,69.09
"together,",0.3,69.39
and,0.16,69.55
she,0.27,69.82
couldn't,0.24,70.06
wait,0.18,70.24
to,0.28,70.52
showcase,0.27,70.79
her,0.33,71.12
newfound,0.53,71.65
skills,0.37,72.02
at,0.14,72.16
the,0.21,72.37
Grand,0.53,72.9
Gazebo.,0.6,73.5
As,0.38,73.88
Amelia's,0.5,74.38
friends,0.2,74.58
and,0.27,74.85
family,0.34,75.19
began,0.3,75.49
to,0.24,75.73
gather,0.22,75.95
at,0.44,76.39
the,0.3,76.69
Grand,0.35,77.04
"Gazebo,",0.51,77.55
she,0.21,77.76
eagerly,0.31,78.07
anticipated,0.16,78.23
the,0.16,78.39
moment,0.13,78.52
when,0.33,78.85
she,0.46,79.31
could,0.27,79.5799999999999
finally,0.3,79.8799999999999
unveil,0.35,80.2299999999999
her,0.59,80.8199999999999
emotional,0.3,81.1199999999999
expression,0.15,81.2699999999999
skills.,0.17,81.44
She,1.88,83.3199999999999
had,0.23,83.5499999999999
even,0,83.5499999999999
prepared,0.14,83.6899999999999
a,0.17,83.8599999999999
letter,0.21,84.0699999999999
for,0.18,84.2499999999999
her,0.49,84.7399999999999
best,0.4,85.1399999999999
"friend,",0.33,85.4699999999999
"Lily,",0.33,85.8
detailing,0.36,86.1599999999999
her,0.23,86.3899999999999
excitement,0.39,86.7799999999999
and,0.13,86.9099999999999
gratitude,3.31,90.22
for,0.3,90.5199999999999
their,0.22,90.7399999999999
friendship.,0.3,91.0399999999999
"""I",0.23,91.2699999999999
can't,0.15,91.4199999999999
wait,0.13,91.5499999999999
for,0.36,91.9099999999999
you,0.17,92.08
to,0.25,92.3299999999999
read,0.14,92.4699999999999
my,0.25,92.72
"letter,""",0.33,93.0499999999999
Amelia,0.3,93.3499999999999
whispered,0.35,93.6999999999999
to,0.15,93.8499999999999
Lily,0.2,94.0499999999999
as,0.26,94.3099999999999
they,0.19,94.4999999999999
stood,0.28,94.7799999999999
side,0.34,95.12
by,0.23,95.35
"side,",0,95.35
watching,0.41,95.76
the,0.87,96.63
guests,0.02,96.65
arrive.,0.42,97.07
The,0.21,97.2799999999999
atmosphere,0.18,97.46
was,0.28,97.74
filled,0.4,98.14
with,0.24,98.38
joy,0.4,98.78
as,0.28,99.06
people,0.17,99.23
communicated,0.28,99.51
through,0.4,99.91
their,0.5,100.41
unique,0.43,100.84
"gestures,",0.21,101.05
explaining,0.22,101.27
jokes,0.47,101.74
and,0.3,102.04
sharing,0.22,102.26
stories.,0.34,102.6
Amelia's,0.19,102.79
heart,0.38,103.17
swelled,0.19,103.36
with,0.22,103.58
pride,0.19,103.77
as,0.21,103.98
she,0.27,104.25
watched,0.34,104.59
her,0.29,104.88
parents,0.31,105.19
joking,0.21,105.4
and,0.35,105.75
smiling,0.3,106.05
with,0.2,106.25
their,0.17,106.42
friends.,0.22,106.64
She,0.15,106.79
knew,0.3,107.09
that,0.14,107.23
soon,0.14,107.37
it,0.31,107.68
would,0.18,107.86
be,0.17,108.03
her,0.29,108.32
turn,0.35,108.67
to,0.3,108.97
take,0.21,109.18
center,0.21,109.39
"stage,",0.16,109.55
and,0.34,109.89
she,0.31,110.2
couldn't,0.17,110.37
wait,0.53,110.9
to,0.15,111.05
share,0.41,111.46
her,0.68,112.14
blocks,0.61,112.75
while,0.21,112.96
screaming,0.43,113.39
performance.,0.3,113.69
As,0.38,114.07
the,0.38,114.45
celebration,0.12,114.57
"continued,",0.34,114.91
a,0.51,115.42
local,0.23,115.65
reporter,0.22,115.87
approached,0.2,116.07
Amelia,0.26,116.33
for,0.18,116.51
an,0.34,116.85
"interview,",0.38,117.23
eager,0.3,117.53
to,0.24,117.77
learn,0.27,118.04
more,0.24,118.28
about,0.54,118.82
the,0.33,119.15
birthday,0.14,119.29
girl,0.32,119.61
and,0.35,119.96
her,0.59,120.55
thoughts,0.39,120.94
on,0.48,121.42
Serendipity's,0.3,121.72
cherished,0.28,122
traditions,0.37,122.37
of,0.13,122.5
emotional,0.21,122.71
expression,0.34,123.05
and,0.39,123.44
communication.,0.13,123.57
Amelia's,0.33,123.9
interview,0.6,124.5
with,0.34,124.84
the,0.15,124.99
local,0.63,125.62
reporter,0.62,126.24
was,0.2,126.44
a,0.2,126.64
delightful,0.14,126.78
"experience,",0.3,127.08
as,0.17,127.25
she,0.32,127.57
enthusiastically,0.44,128.01
shared,0.49,128.5
her,0.88,129.38
thoughts,0.26,129.64
on,0.25,129.89
the,0.23,130.12
importance,0.15,130.27
of,0.44,130.71
communication,0.41,131.12
in,0.3,131.42
Serendipity.,0.33,131.75
She,0.22,131.97
spoke,0.27,132.24
about,0.21,132.45
how,0.29,132.74
the,0.25,132.99
townspeople,0.22,133.21
had,0.23,133.44
developed,0.41,133.85
their,0.17,134.02
own,0.43,134.45
unique,0.37,134.82
ways,0.38,135.2
of,0.25,135.45
connecting,0.23,135.68
with,0.36,136.04
one,1.22,137.26
"another,",0.73,137.99
such,0.19,138.18
as,0.52,138.7
exchanging,0.2,138.9
heartfelt,0.31,139.21
letters,0.74,139.95
and,0.32,140.27
sharing,0.23,140.5
inside,0.36,140.86
jokes.,0.52,141.38
"""I",0.21,141.59
believe,0.26,141.85
that,0.42,142.27
our,0.3,142.57
town's,0.37,142.94
special,0.16,143.1
approach,0.13,143.23
to,0.29,143.52
communication,0.3,143.82
brings,0.27,144.09
us,0.49,144.58
closer,0.27,144.85
"together,""",0.31,145.16
Amelia,0.72,145.88
said,0.28,146.16
with,0.3,146.46
a,0.3,146.76
smile.,0.3,147.06
The,0.3,147.36
reporter,0.31,147.67
nodded,0.35,148.02
in,0.32,148.34
"agreement,",0.3,148.64
jotting,0.39,149.03
down,0.12,149.15
notes,0.2,149.35
as,0.12,149.47
Amelia,0.3,149.77
continued,0.21,149.98
to,0.21,150.19
explain,0.16,150.35
the,0.45,150.8
significance,0.4,151.2
of,0.38,151.58
her,0.45,152.03
letter,0.72,152.75
to,0.16,152.91
Lily,0.33,153.24
and,0.3,153.54
how,0.54,154.08
it,0.22,154.3
symbolized,0.35,154.65
their,0.25,154.9
unbreakable,0.18,155.08
bond.,0.35,155.43
As,0.18,155.61
the,0.14,155.75
interview,0.32,156.07
"concluded,",0.26,156.33
Amelia,0.32,156.65
felt,0.33,156.98
a,0.2,157.18
sense,0.25,157.43
of,0.25,157.68
pride,0.27,157.95
in,0.34,158.29
her,0.4,158.69
community,0.18,158.87
and,0.34,159.21
its,0.46,159.67
ability,0.19,159.86
to,0.51,160.37
foster,0.3,160.67
such,0.21,160.88
strong,0.3,161.18
connections,0.38,161.56
through,0.43,161.99
their,0.21,162.2
distinctive,0.3,162.5
methods,0.3,162.8
of,0.12,162.92
communication.,0.2,163.12
The,0.3,163.42
Grand,0.32,163.74
"Gazebo,",0.24,163.98
where,0.16,164.14
Amelia's,0.26,164.4
birthday,0.28,164.68
celebration,0.24,164.92
was,0.11,165.03
taking,0.24,165.27
"place,",0.21,165.48
was,0.5,165.98
a,0.58,166.56
magical,0.82,167.38
location,0.35,167.73
that,0.25,167.98
held,0.33,168.31
a,0.25,168.56
special,0.26,168.82
place,0.24,169.06
in,0.05,169.11
the,0.24,169.35
hearts,0.18,169.53
of,0.2,169.73
Serendipity's,0.3,170.03
residents.,0.3,170.33
Surrounded,0.16,170.49
by,0.14,170.63
lush,0.29,170.92
gardens,0.43,171.35
and,0.28,171.63
facing,0.14,171.77
the,0.26,172.03
"beach,",0.41,172.44
it,0.16,172.6
offered,0.21,172.81
a,1.35,174.16
breathtaking,0.61,174.77
view,0.3,175.07
of,0.2,175.27
the,0.27,175.54
sparkling,0.31,175.85
river,0.31,176.16
as,0.39,176.55
it,0.15,176.7
meandered,0.03,176.73
through,0.46,177.19
the,0.26,177.45
rolling,0.35,177.8
hills.,0.36,178.16
The,0.23,178.39
laughter,0.54,178.93
of,0.25,179.18
children,0,179.18
playing,0.17,179.35
nearby,0.24,179.59
filled,0.27,179.86
the,0.2,180.06
"air,",0.16,180.22
while,0.38,180.6
colorful,0.27,180.87
birds,0.3,181.17
soared,0.27,181.44
"above,",0.33,181.77
their,0.3,182.07
vibrant,0.21,182.28
plumage,0.38,182.66
catching,0.3,182.96
the,0.21,183.17
sunlight,0.2,183.37
as,0.18,183.55
they,0.39,183.94
flew,0.43,184.37
overhead.,0.29,184.66
Amelia's,0.19,184.85
friends,0.3,185.15
and,0.13,185.28
family,0.18,185.46
lounged,0.08,185.54
across,0.3,185.84
the,0.28,186.12
couches,0.36,186.48
and,0.3,186.78
chairs,0.35,187.13
that,0.33,187.46
were,0.3,187.76
thoughtfully,0.34,188.1
arranged,0.39,188.49
around,0.28,188.77
the,0.29,189.06
"gazebo,",0.32,189.38
creating,0.13,189.51
a,0.14,189.65
warm,0.23,189.88
and,0.25,190.13
inviting,0.08,190.21
atmosphere,0.29,190.5
for,0.38,190.88
everyone,0.24,191.12
to,0.4,191.52
enjoy.,0.3,191.82
The,0.3,192.12
picturesque,0.3,192.42
setting,0.34,192.76
only,0.65,193.41
added,0.33,193.74
to,0.19,193.93
the,0.18,194.11
joy,0.3,194.41
and,0.3,194.71
excitement,0.67,195.38
of,0.49,195.87
Amelia's,0.11,195.98
special,0.15,196.13
"day,",0.07,196.2
making,0.24,196.44
it,0.15,196.59
an,0.24,196.83
unforgettable,0.15,196.98
experience,0.16,197.14
for,0.2,197.34
all,0.15,197.49
who,0.17,197.66
attended.,0.16,197.82
As,0.37,198.19
the,0.68,198.87
celebration,0.32,199.19
"continued,",0.27,199.46
Amelia,0.39,199.85
couldn't,0.23,200.08
help,0.34,200.42
but,0.31,200.73
marvel,0.14,200.87
at,0.3,201.17
the,0.21,201.38
beauty,0.27,201.65
of,0.43,202.08
the,0.15,202.23
Grand,0.19,202.42
Gazebo,0.3,202.72
and,0.41,203.13
its,0.33,203.46
surroundings.,0.32,203.78
The,0.26,204.04
location,0.27,204.31
was,0.12,204.43
truly,0.19,204.62
a,0.08,204.7
testament,0.44,205.14
to,0.48,205.62
the,0.25,205.87
wonders,0.26,206.13
of,0.25,206.38
"nature,",0.3,206.68
with,0.22,206.9
the,0.14,207.04
beach,0.3,207.34
just,0.13,207.47
a,0.34,207.81
stone's,0.57,208.38
throw,0.43,208.81
away,0.26,209.07
and,0.25,209.32
the,0.23,209.55
river,0.3,209.85
flowing,0.87,210.72
gracefully,0.37,211.09
nearby.,0.28,211.37
She,0.33,211.7
watched,0.41,212.11
in,0.34,212.45
awe,0.32,212.77
as,0.07,212.84
a,0.29,213.13
group,0.26,213.39
of,0.13,213.52
adventurous,0.3,213.82
townspeople,0.3,214.12
embarked,0.3,214.42
on,0.27,214.69
a,0.18,214.87
daring,0.13,215
"dive,",0.26,215.26
plunging,0.3,215.56
fifty,0.22,215.78
feet,0.36,216.14
underwater,0.26,216.4
to,0.24,216.64
explore,0.36,217
the,0.25,217.25
hidden,0.29,217.54
treasures,0.19,217.73
of,0.2,217.93
the,0.35,218.28
riverbed.,0.23,218.51
"Meanwhile,",0.64,219.15
others,0.3,219.45
took,0.16,219.61
to,0.24,219.85
the,0.34,220.19
"skies,",0.17,220.36
soaring,0.32,220.68
a,0.22,220.9
hundred,0.19,221.09
feet,0.31,221.4
up,0.55,221.95
on,0.3,222.25
colorful,0.2,222.45
hot,0.14,222.59
air,0.11,222.7
"balloons,",0.3,223
their,0.24,223.24
laughter,0.34,223.58
echoing,0.43,224.01
through,0.08,224.09
the,0.33,224.42
air,0.44,224.86
as,0.15,225.01
they,0.2,225.21
floated,0.29,225.5
above,0.29,225.79
the,0.3,226.09
breathtaking,0.25,226.34
landscape.,0.26,226.6
Back,0.34,226.94
at,0.2,227.14
the,0.22,227.36
"gazebo,",0.31,227.67
Amelia's,0.28,227.95
younger,0.3,228.25
cousins,0.21,228.46
played,0,228.46
a,0.3,228.76
spirited,0.3,229.06
game,0.2,229.26
of,0.33,229.59
"hide-and-seek,",0.35,229.94
darting,0.3,230.24
across,0.31,230.55
couches,0.61,231.16
and,0.27,231.43
climbing,0.26,231.69
trees,0.36,232.05
that,0.64,232.69
stood,0.37,233.06
several,0.2,233.26
feet,0.33,233.59
above,0.12,233.71
the,0.45,234.16
ground.,0.2,234.36
The,0.15,234.51
fusion,0.3,234.81
of,0.32,235.13
locations,0.29,235.42
and,0.22,235.64
measurements,0.15,235.79
in,0.23,236.02
Serendipity,0.31,236.33
created,0.76,237.09
an,0.46,237.55
enchanting,0.41,237.96
atmosphere,0.3,238.26
that,0.39,238.65
made,0.39,239.04
Amelia's,0.3,239.34
birthday,0.3,239.64
celebration,0.31,239.95
all,0.27,240.22
the,0.46,240.68
more,0.48,241.16
memorable,0.29,241.45
and,0.1,241.55
magical.,0.25,241.8
As,0.23,242.03
the,0.2,242.23
day,0.33,242.56
"progressed,",0.36,242.92
Amelia's,0.32,243.24
fascination,0.53,243.77
with,0.18,243.95
measurements,0.16,244.11
grew,0.17,244.28
stronger.,0.3,244.58
She,0.36,244.94
observed,0.3,245.24
the,0.47,245.71
various,0.59,246.3
activities,0.11,246.41
taking,0.3,246.710000000001
place,0.37,247.080000000001
around,0.43,247.510000000001
"her,",0.29,247.8
each,0.3,248.100000000001
one,0,248.100000000001
showcasing,0.23,248.330000000001
the,0.16,248.49
incredible,0.34,248.83
feats,0.19,249.02
that,0.32,249.340000000001
could,0.5,249.84
be,0.35,250.19
achieved,0.14,250.33
through,0.3,250.63
precise,0.3,250.93
calculations,0.21,251.140000000001
and,0.16,251.300000000001
a,0.21,251.510000000001
keen,0.32,251.830000000001
understanding,0.39,252.22
of,0.19,252.410000000001
distance.,0.35,252.76
The,0.31,253.07
divers,0.18,253.25
who,0.39,253.64
had,0.3,253.94
ventured,0.3,254.24
fifty,0.16,254.400000000001
feet,0.18,254.580000000001
underwater,0.07,254.650000000001
returned,0.41,255.06
to,0.39,255.45
the,0.3,255.75
"surface,",0.14,255.89
their,0.25,256.14
faces,0.21,256.35
beaming,0.31,256.66
with,0.3,256.96
excitement,0.59,257.55
as,0.13,257.68
they,0.2,257.88
shared,0.66,258.54
stories,0.24,258.78
of,0.16,258.940000000001
their,0.28,259.22
discoveries.,0.26,259.48
"Meanwhile,",0.23,259.71
the,0.24,259.95
hot,0.35,260.3
air,1.29,261.590000000001
balloon,0.18,261.770000000001
riders,0.33,262.100000000001
descended,0.52,262.620000000001
from,0.13,262.750000000001
their,0.14,262.890000000001
hundred,0.23,263.12
feet,0.27,263.39
up,0.18,263.570000000001
"adventure,",0.18,263.75
exhilarated,0.12,263.870000000001
by,0.25,264.120000000001
the,0.25,264.370000000001
breathtaking,0.5,264.870000000001
views,0.43,265.300000000001
they,0.24,265.540000000001
had,0.14,265.680000000001
witnessed,0.2,265.880000000001
from,0.26,266.14
such,0.26,266.4
great,0.15,266.55
heights.,0.38,266.93
Even,0.6,267.53
Amelia's,0.35,267.880000000001
"cousins,",0.2,268.08
who,0.22,268.300000000001
had,0.17,268.470000000001
been,0.3,268.770000000001
playing,0.3,269.070000000001
among,0.4,269.470000000001
the,0.54,270.010000000001
trees,0.13,270.140000000001
several,0.14,270.280000000001
feet,0.38,270.660000000001
above,0.28,270.94
the,0.24,271.18
"ground,",0.23,271.410000000001
demonstrated,0.6,272.010000000001
an,0.3,272.310000000001
innate,0.27,272.580000000001
sense,0.24,272.820000000001
of,0.23,273.050000000001
measurement,0.37,273.420000000001
as,0.39,273.810000000001
they,0.12,273.930000000001
expertly,0.3,274.230000000001
navigated,0.47,274.700000000001
their,0.26,274.960000000001
way,0.17,275.130000000001
through,0.26,275.390000000001
the,0.22,275.610000000001
branches.,0.15,275.760000000001
The,0.27,276.030000000001
celebration,0.3,276.330000000001
was,0.21,276.540000000001
a,0.14,276.680000000001
testament,0.35,277.030000000001
to,0.15,277.180000000001
the,0.3,277.480000000001
importance,0.18,277.660000000001
of,0.36,278.020000000001
measurements,0.31,278.330000000001
in,0.44,278.770000000001
everyday,0.2,278.970000000001
"life,",0.18,279.150000000001
and,0.24,279.390000000001
Amelia,0.13,279.520000000001
couldn't,0.28,279.800000000001
help,0.36,280.160000000001
but,0.35,280.510000000001
feel,0.11,280.620000000001
inspired,0.32,280.940000000001
by,0.16,281.100000000001
the,0.22,281.320000000001
remarkable,1.09,282.410000000001
feats,0.18,282.590000000001
she,0.16,282.750000000001
had,0.25,283.000000000001
witnessed,0.38,283.380000000001
on,0.36,283.740000000001
her,0.27,284.010000000001
special,0.48,284.490000000001
day.,0.18,284.670000000001
Amidst,0.12,284.790000000001
the,0.43,285.220000000001
joy,0.48,285.700000000001
and,0.3,286.000000000001
excitement,0.39,286.390000000001
of,0.3,286.690000000001
the,0.19,286.880000000001
"day,",0.2,287.080000000001
an,0.17,287.250000000001
unexpected,0.2,287.450000000001
incident,0.26,287.710000000001
occurred,0.24,287.950000000001
that,0.22,288.170000000001
would,0.3,288.470000000001
leave,0.23,288.700000000001
a,0.22,288.920000000001
lasting,0.21,289.130000000001
impact,0.36,289.490000000001
on,0.3,289.790000000001
Amelia,0.17,289.960000000001
and,0.13,290.090000000001
her,0.3,290.390000000001
loved,0.24,290.630000000001
ones.,0.12,290.750000000001
As,0.3,291.050000000001
the,0.42,291.470000000001
children,0.61,292.080000000001
continued,0.07,292.150000000001
their,0.25,292.400000000001
playful,0.25,292.650000000001
"antics,",0.33,292.980000000001
one,0.21,293.190000000001
of,0.29,293.480000000001
Amelia's,0.18,293.660000000001
"cousins,",0.31,293.970000000001
"Oliver,",0.17,294.140000000001
misjudged,0.2,294.340000000001
a,0.3,294.640000000001
leap,0.3,294.940000000001
from,0.47,295.410000000001
one,0.27,295.680000000001
tree,0.29,295.970000000001
branch,0.16,296.130000000001
to,0.18,296.310000000001
another.,0.3,296.610000000001
He,0.18,296.790000000001
lost,0.16,296.950000000001
his,0.29,297.240000000001
grip,0.28,297.520000000001
and,0.13,297.650000000001
fell,0.17,297.820000000001
to,0.15,297.970000000001
the,0.2,298.170000000001
ground,0.37,298.540000000001
with,0.24,298.780000000001
a,0.18,298.960000000001
sickening,0.25,299.210000000001
thud.,0.3,299.510000000001
The,0.26,299.770000000001
laughter,0.19,299.960000000001
and,0.3,300.260000000001
chatter,0.14,300.400000000001
around,0.48,300.880000000001
the,0.42,301.300000000001
gazebo,0.17,301.470000000001
came,0.25,301.720000000001
to,0.22,301.940000000001
an,0.45,302.390000000001
abrupt,0.28,302.670000000001
halt,0.14,302.810000000001
as,0.28,303.090000000001
everyone,0.51,303.600000000001
rushed,0.3,303.900000000001
to,0.5,304.400000000001
Oliver's,0.21,304.610000000001
side.,0.11,304.720000000001
His,0.12,304.840000000001
lip,0.21,305.050000000001
was,0.23,305.280000000001
"split,",0.28,305.560000000001
and,0.19,305.750000000001
there,0.32,306.070000000001
was,0.19,306.260000000001
a,0.24,306.500000000001
deep,0.56,307.060000000001
gash,0.19,307.250000000001
on,0.41,307.660000000001
his,0.52,308.180000000001
forehead.,0.37,308.550000000001
Panic,0.17,308.720000000001
set,0.56,309.280000000001
in,0.23,309.510000000001
as,0.3,309.810000000001
they,0.35,310.160000000001
realized,0.28,310.440000000001
that,0.18,310.620000000001
his,0.15,310.770000000001
spine,0.35,311.120000000001
appeared,0.3,311.420000000001
twisted,0.25,311.670000000001
at,0.16,311.830000000001
an,0.09,311.920000000001
unnatural,0.27,312.190000000001
"angle,",0.13,312.320000000001
sparking,0.15,312.470000000001
fears,0.27,312.740000000001
that,0.32,313.060000000001
he,0.2,313.260000000001
may,0.35,313.610000000001
have,0.5,314.110000000001
snapped,0.41,314.520000000001
his,0.49,315.010000000001
neck,0.23,315.240000000001
during,0.25,315.490000000001
the,0.16,315.650000000001
fall.,0.24,315.890000000001
The,0.18,316.070000000001
once,0.3,316.370000000001
jubilant,0.39,316.760000000001
atmosphere,0.32,317.080000000001
was,0.18,317.260000000001
now,0.44,317.700000000001
clouded,0.29,317.990000000001
by,0.62,318.610000000001
worry,0.3,318.910000000001
and,0.15,319.060000000001
fear,0.28,319.340000000001
as,0.28,319.620000000001
Amelia's,0.26,319.880000000001
family,0.37,320.250000000001
tended,0.3,320.550000000001
to,0.25,320.800000000001
"Oliver,",0.22,321.020000000001
praying,0.24,321.260000000001
that,0.18,321.440000000001
he,0.07,321.510000000001
would,0.35,321.860000000001
recover,0.29,322.150000000001
from,0.34,322.490000000001
this,0.18,322.670000000001
harrowing,0.36,323.030000000001
physical,0.3,323.330000000001
injury.,0.15,323.480000000001
The,0.19,323.670000000001
sudden,0.18,323.850000000001
turn,0.24,324.090000000001
of,0.2,324.290000000001
events,0.2,324.490000000001
cast,0.3,324.790000000001
a,0.15,324.940000000001
somber,0.19,325.130000000001
shadow,0.26,325.390000000001
over,0.38,325.770000000001
Amelia's,0.24,326.010000000001
birthday,0.19,326.200000000001
celebration.,0.27,326.470000000001
As,0.39,326.860000000001
her,0.32,327.180000000001
family,0.26,327.440000000001
and,0.42,327.860000000001
friends,0.19,328.050000000001
gathered,0.3,328.350000000001
around,0.3,328.650000000001
"Oliver,",0,328.650000000001
tending,0.15,328.800000000001
to,0.3,329.100000000001
his,0.34,329.440000000001
injuries,0.35,329.790000000001
and,0.13,329.920000000001
offering,0.23,330.150000000001
words,0.29,330.440000000001
of,0.17,330.610000000001
"comfort,",0.29,330.900000000001
Amelia,0.26,331.160000000001
couldn't,0.27,331.430000000001
help,0.25,331.680000000001
but,0.3,331.980000000001
feel,0.09,332.070000000001
a,0.12,332.190000000001
deep,0.27,332.460000000001
sense,0.31,332.770000000001
of,0.39,333.160000000001
guilt.,0.2,333.360000000001
She,0.28,333.640000000001
had,0.34,333.980000000001
never,0.53,334.510000000001
imagined,0.48,334.990000000001
that,0.38,335.370000000001
such,0.49,335.860000000001
a,0.33,336.190000000001
terrible,0.28,336.470000000001
accident,0.38,336.850000000001
could,0.35,337.200000000001
occur,0.2,337.400000000001
on,0.22,337.620000000001
her,0.13,337.750000000001
"birthday,",0.13,337.880000000001
a,0.23,338.110000000001
day,0.19,338.300000000001
that,0.32,338.620000000001
was,0.32,338.940000000001
supposed,0.44,339.380000000001
to,0.78,340.160000000001
be,0.38,340.540000000001
filled,0.29,340.830000000001
with,0.24,341.070000000001
joy,0.19,341.260000000001
and,0.16,341.420000000001
laughter.,0.12,341.540000000001
She,0.19,341.730000000001
recalled,0.19,341.920000000001
the,0.3,342.220000000001
birthdays,0.34,342.560000000001
of,0.22,342.780000000001
her,0.29,343.070000000001
"friends,",0.23,343.300000000001
like,0.33,343.630000000001
Lily's,0.3,343.930000000001
sixteenth,0.39,344.320000000001
of,0.48,344.800000000001
October,0.18,344.980000000001
celebration,0.28,345.260000000001
and,0.3,345.560000000001
Benjamin's,0.14,345.700000000001
fifteenth,0.15,345.850000000001
of,0.23,346.080000000001
April,0.2,346.280000000001
"party,",0.24,346.520000000001
both,0.21,346.730000000001
of,0.24,346.970000000001
which,0.23,347.200000000001
had,0.27,347.470000000001
been,0.36,347.830000000001
filled,0.29,348.120000000001
with,0.26,348.380000000001
happiness,0.26,348.640000000001
and,0.3,348.940000000001
excitement.,0.3,349.240000000001
"Now,",0.3,349.540000000001
as,0.41,349.950000000001
she,0.45,350.400000000001
watched,0.22,350.620000000001
her,0.28,350.900000000001
cousin,0.53,351.430000000001
lying,0.38,351.810000000001
on,0.16,351.970000000001
the,0.24,352.210000000001
ground,0.3,352.510000000001
with,0.15,352.660000000001
his,0.43,353.090000000001
lip,0.26,353.350000000001
split,0.21,353.560000000001
and,0.28,353.840000000001
his,0.25,354.090000000001
spine,0.2,354.290000000001
"twisted,",0.16,354.450000000001
Amelia,0.2,354.650000000001
wished,0.28,354.930000000001
more,0.3,355.230000000001
than,0.24,355.470000000001
anything,0.39,355.860000000001
that,0.51,356.370000000001
she,0.3,356.670000000001
could,0.3,356.970000000001
turn,0.26,357.230000000001
back,0.17,357.400000000001
time,0.2,357.600000000001
and,0.21,357.810000000001
prevent,0.32,358.130000000001
this,0.28,358.410000000001
tragic,0.3,358.710000000001
incident,0.28,358.990000000001
from,0.15,359.140000000001
happening,0.31,359.450000000001
on,0.63,360.080000000001
her,0.3,360.380000000001
special,0.29,360.670000000001
day.,0.34,361.010000000001
The,0.16,361.170000000001
stark,0.19,361.360000000001
contrast,0.39,361.750000000001
between,0.13,361.880000000001
the,0.3,362.180000000001
earlier,0.47,362.650000000001
festivities,0.28,362.930000000001
and,0.25,363.180000000001
the,0.3,363.480000000001
current,0.22,363.700000000001
scene,0.35,364.050000000001
of,0.24,364.290000000001
physical,0.21,364.500000000001
injury,0.24,364.740000000001
and,0.3,365.040000000001
trauma,0.22,365.260000000001
weighed,0.16,365.420000000001
heavily,0.14,365.560000000001
on,0.15,365.710000000001
her,0.18,365.890000000001
young,0.18,366.070000000001
heart.,0.17,366.240000000001
Despite,0.31,366.550000000001
the,0.12,366.670000000001
unfortunate,0.21,366.880000000001
"accident,",0.23,367.110000000001
Amelia's,1.05,368.160000000001
friends,0.29,368.450000000001
and,0.2,368.650000000001
family,0.22,368.870000000001
did,0.16,369.030000000001
their,0.25,369.280000000001
best,0.47,369.750000000001
to,0.21,369.960000000001
salvage,0.37,370.330000000001
the,0.27,370.600000000001
remainder,0.27,370.870000000001
of,0.27,371.140000000001
her,0.3,371.440000000001
birthday,0.32,371.760000000001
celebration.,0.25,372.010000000001
They,0.4,372.410000000001
reminded,0.15,372.560000000001
her,0.17,372.730000000001
that,0.26,372.990000000001
birthdays,0.18,373.170000000001
were,0.15,373.320000000001
a,0.06,373.380000000001
time,0.21,373.590000000001
to,0.17,373.760000000001
cherish,0.18,373.940000000001
the,0.49,374.430000000001
love,0.3,374.730000000001
and,0.35,375.080000000001
support,0.38,375.460000000001
of,0.32,375.780000000001
those,0.3,376.080000000001
around,0.3,376.380000000001
"her,",0.32,376.700000000001
and,0.47,377.170000000001
that,0.63,377.800000000001
they,0.32,378.120000000001
would,0.14,378.260000000001
all,0.21,378.470000000001
be,0.24,378.710000000001
there,0.38,379.090000000001
for,0.38,379.470000000001
Oliver,0.47,379.940000000001
during,0.23,380.170000000001
his,0.3,380.470000000001
recovery.,0.28,380.750000000001
As,0.3,381.050000000001
the,0.24,381.290000000001
sun,0.53,381.820000000001
began,0.35,382.170000000001
to,0.11,382.280000000001
"set,",0.36,382.640000000001
Amelia's,0.32,382.960000000001
loved,0.37,383.330000000001
ones,0.33,383.660000000001
gathered,0.3,383.960000000001
once,0.54,384.500000000001
more,0.48,384.980000000001
at,0.49,385.470000000001
the,0.34,385.810000000001
Grand,0.21,386.020000000001
"Gazebo,",0.1,386.120000000001
determined,0.34,386.460000000001
to,0.16,386.620000000001
make,0.43,387.050000000001
the,0.3,387.350000000001
most,0.15,387.500000000001
of,0.21,387.710000000001
the,0.26,387.970000000001
time,0.25,388.220000000001
they,0.13,388.350000000001
had,0.28,388.630000000001
left,0.3,388.930000000001
together.,0.15,389.080000000001
They,0.15,389.230000000001
reminisced,0.18,389.410000000001
about,0.74,390.150000000001
past,0.19,390.340000000001
"birthdays,",0.27,390.610000000001
like,0.28,390.890000000001
Lily's,0.22,391.110000000001
enchanting,0.46,391.570000000001
sixteenth,0.23,391.800000000001
of,0.28,392.080000000001
October,0.23,392.310000000001
masquerade,0.34,392.650000000001
ball,0.12,392.770000000001
and,0.25,393.020000000001
Benjamin's,0.25,393.270000000001
thrilling,0.26,393.530000000001
fifteenth,0.22,393.750000000001
of,0.16,393.910000000001
April,0.15,394.060000000001
treasure,0.27,394.330000000001
hunt.,0.14,394.470000000001
The,0.36,394.830000000001
warmth,0.45,395.280000000001
and,0.3,395.580000000001
laughter,0.14,395.720000000001
slowly,0.3,396.020000000001
returned,0.3,396.320000000001
as,0.18,396.500000000001
they,0.21,396.710000000001
shared,0.2,396.910000000001
stories,0.28,397.190000000001
and,0.44,397.630000000001
"memories,",0.12,397.750000000001
reminding,0.15,397.900000000001
Amelia,0,397.900000000001
that,0.18,398.080000000001
even,0.3,398.380000000001
in,0.36,398.740000000001
the,0.29,399.030000000001
face,0.38,399.410000000001
of,0,399.410000000001
"adversity,",0.31,399.720000000001
there,0.16,399.880000000001
was,0.17,400.050000000001
still,0.29,400.340000000001
much,0.46,400.800000000001
to,0.32,401.120000000001
be,0.22,401.340000000001
grateful,0.33,401.670000000001
for,0.3,401.970000000001
on,0.33,402.300000000001
her,0.3,402.600000000001
birthday.,0.3,402.900000000001
As,0.19,403.090000000001
the,0.16,403.250000000001
evening,0.31,403.560000000001
wore,0.3,403.860000000001
"on,",0.2,404.060000000001
Amelia,0.31,404.370000000001
found,0.58,404.950000000001
herself,0.36,405.310000000001
reflecting,0.17,405.480000000001
on,0.23,405.710000000001
the,1.03,406.740000000001
concept,0.41,407.150000000001
of,0.3,407.450000000001
time,0.18,407.630000000001
and,0.28,407.910000000001
how,0.28,408.190000000001
it,0.23,408.420000000001
had,0.59,409.010000000001
played,0.24,409.250000000001
a,0.12,409.370000000001
significant,0.38,409.750000000001
role,0.3,410.050000000001
in,0.32,410.370000000001
her,0.24,410.610000000001
birthday,0.15,410.760000000001
celebration.,0.27,411.030000000001
She,0.18,411.210000000001
thought,0.31,411.520000000001
about,0.3,411.820000000001
the,0.14,411.960000000001
precise,0.3,412.260000000001
timing,0.3,412.560000000001
of,0.33,412.890000000001
the,0.24,413.130000000001
divers,0.21,413.340000000001
who,0.18,413.520000000001
had,0.26,413.780000000001
plunged,0.17,413.950000000001
fifty,0.33,414.280000000001
feet,0.35,414.630000000001
"underwater,",0.11,414.740000000001
ensuring,0.3,415.040000000001
they,0.14,415.180000000001
had,0.41,415.590000000001
enough,0.19,415.780000000001
air,0.45,416.230000000001
to,0.14,416.370000000001
explore,0.27,416.640000000001
the,0.37,417.010000000001
riverbed,0.16,417.170000000001
safely.,0.16,417.330000000001
She,0.24,417.570000000001
considered,0.33,417.900000000001
the,0.26,418.160000000001
hot,0.44,418.600000000001
air,0.4,419.000000000001
balloon,0.18,419.180000000001
riders,0.47,419.650000000001
who,0.44,420.090000000001
had,0.34,420.430000000001
counted,0.16,420.590000000001
down,0.3,420.890000000001
and,0.17,421.060000000001
launched,0.33,421.390000000001
themselves,0.29,421.680000000001
into,0.25,421.930000000001
the,0.24,422.170000000001
"sky,",0.45,422.620000000001
experiencing,0.47,423.090000000001
the,0.24,423.330000000001
thrill,0.17,423.500000000001
of,0.33,423.830000000001
soaring,0.16,423.990000000001
a,0.24,424.230000000001
hundred,0.21,424.440000000001
feet,0.45,424.890000000001
up.,0.23,425.120000000001
Even,0.49,425.610000000001
in,0.19,425.800000000001
Oliver's,0.25,426.050000000001
"accident,",0.2,426.250000000001
she,0.24,426.490000000001
realized,0.26,426.750000000001
that,0.24,426.990000000001
just,0.16,427.150000000001
three,0.3,427.450000000001
more,0.26,427.710000000001
seconds,0.24,427.950000000001
or,0.27,428.220000000001
a,0.47,428.690000000001
slightly,0.24,428.930000000001
different,0.25,429.180000000001
angle,0.07,429.250000000001
could,0.29,429.540000000001
have,0.22,429.760000000001
made,0.16,429.920000000001
all,0.3,430.220000000001
the,0.28,430.500000000001
difference,0.32,430.820000000001
in,0.4,431.220000000001
the,0.33,431.550000000001
outcome.,0.39,431.940000000001
"Time,",0.15,432.090000000001
Amelia,0.25,432.340000000001
"understood,",0.3,432.640000000001
was,0.35,432.990000000001
a,0.14,433.130000000001
powerful,0.19,433.320000000001
force,0.16,433.480000000001
that,0.03,433.510000000001
could,0.39,433.900000000001
shape,0.21,434.110000000001
events,0.22,434.330000000001
and,0.3,434.630000000001
experiences,0.33,434.960000000001
in,0.19,435.150000000001
both,0.38,435.530000000001
wonderful,0.31,435.840000000001
and,0.29,436.130000000001
challenging,0.15,436.280000000001
ways.,0.2,436.480000000001
As,0.3,436.780000000001
she,0.26,437.040000000001
continued,0.21,437.250000000001
to,0.3,437.550000000001
ponder,0.33,437.880000000001
this,0.11,437.990000000001
"realization,",0.19,438.180000000001
she,0.22,438.400000000001
felt,0.16,438.560000000001
a,0.16,438.720000000001
newfound,0.23,438.950000000001
appreciation,0.18,439.130000000001
for,0.2,439.330000000001
each,0.43,439.760000000001
second,0.26,440.020000000001
that,0.3,440.320000000001
ticked,0.19,440.510000000001
"by,",0.13,440.640000000001
knowing,0.17,440.810000000001
that,0.31,441.120000000001
every,0.23,441.350000000001
moment,0.2,441.550000000001
was,0.21,441.760000000001
an,0.21,441.970000000001
opportunity,0.33,442.300000000001
to,0.4,442.700000000001
"learn,",0.25,442.950000000001
"grow,",0.19,443.140000000001
and,0.26,443.400000000001
cherish,0.29,443.690000000001
the,0.13,443.820000000001
time,0.29,444.110000000001
spent,0.34,444.450000000001
with,0.3,444.750000000001
her,0.29,445.040000000001
loved,0.07,445.110000000001
ones.,0.29,445.400000000001
As,0.15,445.550000000001
Amelia,0.28,445.830000000001
continued,0.21,446.040000000001
to,0.29,446.330000000001
contemplate,0.47,446.800000000001
the,0.17,446.970000000001
significance,0.35,447.320000000001
of,0.06,447.380000000001
time,0.48,447.860000000001
and,0.3,448.160000000001
"moments,",0.15,448.310000000001
she,0.14,448.450000000001
realized,0.26,448.710000000001
that,0.35,449.060000000001
it,0.3,449.360000000001
was,0.25,449.610000000001
the,0.13,449.740000000001
combination,0.29,450.030000000001
of,0.22,450.250000000001
these,0.14,450.390000000001
two,0.53,450.920000000001
elements,0.36,451.280000000001
that,0.45,451.730000000001
made,0.17,451.900000000001
life,0.33,452.230000000001
so,0.4,452.630000000001
rich,0.54,453.170000000001
and,0.25,453.420000000001
meaningful.,0.21,453.630000000001
She,0.22,453.850000000001
recalled,0.36,454.210000000001
the,0.36,454.570000000001
moment,0.34,454.910000000001
earlier,0.16,455.070000000001
in,0.3,455.370000000001
the,0.14,455.510000000001
day,0.27,455.780000000001
when,0.28,456.060000000001
she,0.17,456.230000000001
had,0.31,456.540000000001
shared,0.31,456.850000000001
her,0.45,457.300000000001
letter,0.2,457.500000000001
with,0.07,457.570000000001
"Lily,",0.18,457.750000000001
and,0.17,457.920000000001
how,0.17,458.090000000001
the,0.57,458.660000000001
heartfelt,0.29,458.950000000001
words,0.15,459.100000000001
had,0.32,459.420000000001
brought,0.32,459.740000000001
them,0.15,459.890000000001
even,0.21,460.100000000001
closer,0.76,460.860000000001
together.,0.44,461.300000000001
She,0.23,461.530000000001
thought,0.25,461.780000000001
about,0.17,461.950000000001
the,0.2,462.150000000001
instant,0.27,462.420000000001
when,0.34,462.760000000001
the,0.63,463.390000000001
doorbell,0.3,463.690000000001
"rang,",0.3,463.990000000001
signaling,0.31,464.300000000001
the,0.27,464.570000000001
arrival,0.37,464.940000000001
of,0.21,465.150000000001
her,0.34,465.490000000001
friends,0.3,465.790000000001
and,0.24,466.030000000001
"family,",0.29,466.320000000001
and,0.15,466.470000000001
how,0.34,466.810000000001
their,0.3,467.110000000001
presence,0.3,467.410000000001
had,0.09,467.500000000001
filled,0.42,467.920000000001
her,0.36,468.280000000001
with,0.13,468.410000000001
joy,0.22,468.630000000001
and,0.3,468.930000000001
gratitude.,0.39,469.320000000001
Even,0.21,469.530000000001
in,0.22,469.750000000001
the,0.28,470.030000000001
midst,0.92,470.950000000001
of,0.17,471.120000000001
Oliver's,0.23,471.350000000001
"accident,",0.21,471.560000000001
she,0.2,471.760000000001
recognized,0.27,472.030000000001
that,0.28,472.310000000001
it,0.22,472.530000000001
was,0.2,472.730000000001
the,0.24,472.970000000001
moments,0.33,473.300000000001
immediately,0.32,473.620000000001
following,0.3,473.920000000001
his,0.3,474.220000000001
fall,0.3,474.520000000001
–,0.31,474.830000000001
when,0.15,474.980000000001
everyone,0.26,475.240000000001
had,0.39,475.630000000001
come,0.45,476.080000000001
together,0.49,476.570000000001
to,0.2,476.770000000001
support,0.32,477.090000000001
him,0.26,477.350000000001
–,0.39,477.740000000001
that,0.03,477.770000000001
truly,0.2,477.970000000001
demonstrated,0.15,478.120000000001
the,0.26,478.380000000001
strength,0.11,478.490000000001
of,0.24,478.730000000001
their,0.22,478.950000000001
bonds.,0.14,479.090000000001
As,0.38,479.470000000001
Amelia,0.31,479.780000000001
looked,0.13,479.910000000001
around,0.24,480.150000000001
at,0.22,480.370000000001
her,0.14,480.510000000001
loved,1.13,481.640000000001
"ones,",0.3,481.940000000001
she,0.23,482.170000000001
knew,0.28,482.450000000001
that,0.26,482.710000000001
it,0.23,482.940000000001
was,0.21,483.150000000001
these,0.26,483.410000000001
precious,0.29,483.700000000001
"moments,",0.13,483.830000000001
woven,0.22,484.050000000001
together,0.3,484.350000000001
through,0.26,484.610000000001
"time,",0.25,484.860000000001
that,0.3,485.160000000001
created,0.2,485.360000000001
a,0.21,485.570000000001
tapestry,0.14,485.710000000001
of,0.21,485.920000000001
memories,0.16,486.080000000001
she,0.3,486.380000000001
would,0.11,486.490000000001
cherish,0.34,486.830000000001
forever.,0.3,487.130000000001
As,0.31,487.440000000001
the,0.13,487.570000000001
celebration,0.54,488.110000000001
drew,0.26,488.370000000001
to,0.3,488.670000000001
a,0.2,488.870000000001
"close,",0.15,489.020000000001
Amelia,0.3,489.320000000001
found,0.15,489.470000000001
herself,0.2,489.670000000001
savoring,0.16,489.830000000001
each,0.37,490.200000000001
"moment,",0.34,490.540000000001
wanting,0.8,491.340000000001
to,0.15,491.490000000001
hold,0.39,491.880000000001
onto,0.22,492.100000000001
the,0.19,492.290000000001
feelings,0.17,492.460000000001
of,0.22,492.680000000001
love,0.3,492.980000000001
and,0.25,493.230000000001
togetherness,0.37,493.600000000001
that,0.13,493.730000000001
enveloped,0.4,494.130000000001
her.,0.35,494.480000000001
She,0.27,494.750000000001
watched,0.32,495.070000000001
as,0.2,495.270000000001
her,0.21,495.480000000001
friends,0.18,495.660000000001
and,0.19,495.850000000001
family,0.3,496.150000000001
exchanged,0.25,496.400000000001
hugs,0.7,497.100000000001
and,0.46,497.560000000001
heartfelt,0.17,497.730000000001
"goodbyes,",0.23,497.960000000001
each,0.21,498.170000000001
person,0.14,498.310000000001
leaving,0.14,498.450000000001
the,0.22,498.670000000001
room,0.21,498.880000000001
with,0.21,499.090000000001
a,0.3,499.390000000001
smile,0.13,499.520000000001
on,0.24,499.760000000001
their,0.17,499.930000000001
face,0.67,500.600000000001
and,0.55,501.150000000001
a,0.12,501.270000000001
memory,0.07,501.340000000001
in,0.21,501.550000000001
their,0.14,501.690000000001
heart.,0.41,502.100000000001
A,0.3,502.400000000001
moment,0.33,502.730000000001
"later,",0.24,502.970000000001
she,0.19,503.160000000001
stood,0.29,503.450000000001
with,0.37,503.820000000001
Lily,0.32,504.140000000001
by,0.18,504.320000000001
the,0.27,504.590000000001
"door,",0.38,504.970000000001
sharing,0.45,505.420000000001
one,0.39,505.810000000001
last,0.24,506.050000000001
embrace,0.42,506.470000000001
before,0.27,506.740000000001
they,0.3,507.040000000001
would,0.24,507.280000000001
part,0.3,507.580000000001
ways,0.15,507.730000000001
for,0.24,507.970000000001
the,0.16,508.130000000001
night.,0.19,508.320000000001
The,0.27,508.590000000001
doorbell,0.2,508.790000000001
rang,0.31,509.100000000001
once,0.47,509.570000000001
"more,",0.34,509.910000000001
signaling,0.16,510.070000000001
the,0.1,510.170000000001
arrival,0.17,510.340000000001
of,0.14,510.480000000001
a,0.22,510.700000000001
car,0.19,510.890000000001
to,0.35,511.240000000001
take,0.35,511.590000000001
her,0.25,511.840000000001
guests,0.28,512.120000000001
home.,0.3,512.420000000001
As,0.26,512.680000000001
Amelia,0.21,512.890000000001
waved,0.19,513.080000000001
goodbye,0.16,513.240000000001
to,0.22,513.460000000001
her,0.57,514.030000000001
loved,0.54,514.570000000001
"ones,",0.12,514.690000000001
she,0.32,515.010000000001
knew,0.26,515.270000000001
that,0.25,515.520000000001
these,0.14,515.660000000001
moments,0.04,515.700000000001
–,0.28,515.980000000001
both,0.26,516.240000000001
joyful,0.32,516.560000000001
and,0.21,516.770000000001
challenging,0.17,516.940000000001
–,0.34,517.280000000001
had,0.17,517.450000000001
shaped,0.18,517.630000000001
her,0.07,517.700000000001
birthday,0.19,517.890000000001
into,0.2,518.090000000001
an,0.2,518.290000000001
unforgettable,0.34,518.630000000001
experience,0.19,518.820000000002
that,0.44,519.260000000002
would,0.25,519.510000000002
stay,0.09,519.600000000002
with,0.1,519.700000000002
her,0.2,519.900000000002
for,0.3,520.200000000002
years,0.17,520.370000000002
to,0.43,520.800000000002
come.,0.19,520.990000000002
In,0.12,521.110000000002
the,0.22,521.330000000002
days,0.14,521.470000000002
that,0.26,521.730000000002
"followed,",0.27,522.000000000002
Amelia,0.29,522.290000000002
found,0.29,522.580000000002
herself,0.2,522.780000000002
reflecting,0.27,523.050000000002
on,0.29,523.340000000002
the,0.21,523.550000000002
laughter,0.26,523.810000000002
that,0.4,524.210000000002
had,0.23,524.440000000002
filled,0.21,524.650000000002
her,0.28,524.930000000002
birthday,0.31,525.240000000002
celebration.,0.3,525.540000000001
She,0.21,525.750000000001
remembered,0.3,526.050000000001
the,0.25,526.300000000001
funny,0.15,526.450000000001
stories,0.15,526.600000000001
her,0.17,526.770000000001
friends,0.26,527.030000000001
had,0.34,527.370000000001
"shared,",0.26,527.630000000001
causing,0.22,527.850000000001
everybody,0.23,528.080000000001
to,0.33,528.410000000002
laugh,0.51,528.920000000001
until,0.11,529.030000000001
their,0.19,529.220000000002
sides,0.61,529.830000000002
ached.,0.29,530.120000000002
When,0.43,530.550000000001
her,1.16,531.710000000001
father,0.13,531.840000000001
had,0.19,532.030000000002
asked,0.27,532.300000000001
about,0.12,532.420000000001
her,0.27,532.690000000001
blocks,0.45,533.140000000001
while,0.26,533.400000000002
screaming,0.35,533.750000000001
"performance,",0.21,533.960000000002
she,0.14,534.100000000002
couldn't,0.27,534.370000000002
help,0.4,534.770000000002
but,0.37,535.140000000002
laugh,0.26,535.400000000001
at,0.11,535.510000000001
the,0.24,535.750000000002
memory,0.11,535.860000000002
of,0.22,536.080000000002
practicing,0.27,536.350000000002
for,0.23,536.580000000002
hours,0.32,536.900000000002
on,0.36,537.260000000002
"end,",0.35,537.610000000002
only,0.27,537.880000000002
to,0.33,538.210000000002
have,0.33,538.540000000002
her,0.33,538.870000000002
moment,0.24,539.110000000002
overshadowed,0.22,539.330000000002
by,0.36,539.690000000002
the,0.4,540.090000000002
unexpected,0.13,540.220000000002
events,0.07,540.290000000002
of,0.17,540.460000000002
the,0.33,540.790000000002
day.,0.22,541.010000000002
She,0.15,541.160000000002
recalled,0.41,541.570000000002
how,0.17,541.740000000002
Lily,0.2,541.940000000002
had,0.23,542.170000000002
shared,0.19,542.360000000002
a,0,542.360000000002
joke,0.82,543.180000000002
that,0.35,543.530000000002
made,0.79,544.320000000002
her,0.16,544.480000000002
laugh,0.23,544.710000000002
so,0.44,545.150000000002
hard,0.32,545.470000000002
she,0.4,545.870000000002
nearly,0.29,546.160000000002
"cried,",0.12,546.280000000002
and,0.18,546.460000000002
how,0.3,546.760000000002
even,0.3,547.060000000002
in,0.21,547.270000000002
the,0.35,547.620000000002
midst,0.44,548.060000000002
of,0.11,548.170000000002
worry,0.18,548.350000000002
for,0.2,548.550000000002
"Oliver,",0.32,548.870000000002
there,0.18,549.050000000002
were,0.19,549.240000000002
moments,0.11,549.350000000002
when,0.3,549.650000000002
someone,0.39,550.040000000002
would,0.38,550.420000000002
say,0.48,550.900000000002
something,0.82,551.720000000002
lighthearted,0.25,551.970000000002
and,0.19,552.160000000002
laughter,0.21,552.370000000002
would,0.16,552.530000000002
bubble,0.16,552.690000000002
up,0.27,552.960000000002
once,0.72,553.680000000002
more.,0.62,554.300000000002
Amelia,0.24,554.540000000002
realized,0.21,554.750000000002
that,0.2,554.950000000002
laughter,0.26,555.210000000002
was,0.27,555.480000000002
a,0.34,555.820000000002
powerful,0.16,555.980000000002
force,0.13,556.110000000002
that,0.22,556.330000000002
could,0.52,556.850000000002
bring,0.26,557.110000000002
people,0.19,557.300000000002
together,0.31,557.610000000002
and,0.44,558.050000000002
lift,0.18,558.230000000002
their,0.15,558.380000000002
"spirits,",0.37,558.750000000002
even,0.14,558.890000000002
in,0.26,559.150000000002
the,0.33,559.480000000002
most,0.3,559.780000000002
challenging,0.36,560.140000000002
of,0.34,560.480000000002
circumstances.,0.21,560.690000000002
In,0.34,561.030000000002
the,0.66,561.690000000002
weeks,0.3,561.990000000002
that,0.18,562.170000000002
"followed,",0.2,562.370000000002
Amelia,0.49,562.860000000002
found,0.2,563.060000000002
solace,0.3,563.360000000002
in,0.37,563.730000000002
spending,0.27,564.000000000002
time,0.41,564.410000000002
with,0.3,564.710000000002
her,0.38,565.090000000002
"family,",0.14,565.230000000002
often,0.13,565.360000000002
gathering,0.2,565.560000000002
in,0.24,565.800000000002
the,0.2,566.000000000002
kitchen,0.42,566.420000000002
to,0.51,566.930000000002
share,0.19,567.120000000002
laughter,0.38,567.500000000002
and,0.17,567.670000000002
stories,0.38,568.050000000002
while,0.55,568.600000000002
preparing,0.29,568.890000000002
meals,0.27,569.160000000002
together.,0.29,569.450000000002
She,0.2,569.650000000002
discovered,0,569.650000000002
that,0.35,570.000000000002
food,0.17,570.170000000002
preparation,0.17,570.340000000002
could,0.17,570.510000000002
be,0.31,570.820000000002
just,0.09,570.910000000002
as,0.15,571.060000000002
enjoyable,0.15,571.210000000002
and,0.31,571.520000000002
therapeutic,0.18,571.700000000002
as,0.21,571.910000000002
the,0.26,572.170000000002
laughter,0.24,572.410000000002
that,0.3,572.710000000002
filled,0.25,572.960000000002
their,0.36,573.320000000002
home.,0.23,573.550000000002
One,0.35,573.900000000002
"afternoon,",0.34,574.240000000002
as,0.21,574.450000000002
Amelia's,0.41,574.860000000002
mother,0.62,575.480000000002
thinly,0.35,575.830000000002
sliced,0.28,576.110000000002
cucumbers,0.33,576.440000000002
for,0.4,576.840000000002
a,0.31,577.150000000002
"salad,",0.13,577.280000000002
she,0.13,577.410000000002
shared,0.58,577.990000000002
a,0.3,578.290000000002
humorous,0.15,578.440000000002
anecdote,0.34,578.780000000002
about,0.27,579.050000000002
her,0.21,579.260000000002
own,0.21,579.470000000002
childhood,0.24,579.710000000002
mishaps,0.39,580.100000000002
in,0.49,580.590000000002
the,0.19,580.780000000002
kitchen.,0.26,581.040000000002
Amelia,0.36,581.400000000002
laughed,0.34,581.740000000002
"heartily,",0.33,582.070000000002
picturing,0.24,582.310000000002
her,0.37,582.680000000002
mother,0.48,583.160000000002
as,0.3,583.460000000002
a,0.27,583.730000000002
young,0.26,583.990000000002
"girl,",0.17,584.160000000002
accidentally,0.13,584.290000000002
creating,0.31,584.600000000002
a,0.41,585.010000000002
mountain,0.21,585.220000000002
of,0.35,585.570000000002
sliced,0.5,586.070000000002
cucumber,0.27,586.340000000002
instead,0.44,586.780000000002
of,0.46,587.240000000002
the,0.26,587.500000000002
small,0.37,587.870000000002
portion,0.47,588.340000000002
she,0.44,588.780000000002
had,0.31,589.090000000002
intended.,0.15,589.240000000002
The,0.53,589.770000000002
laughter,0.42,590.190000000002
continued,0.24,590.430000000002
as,0.24,590.670000000002
Amelia's,0.6,591.270000000002
father,0.3,591.570000000002
joined,0.35,591.920000000002
"in,",0.16,592.080000000002
recounting,0.31,592.390000000002
his,0.3,592.690000000002
own,0.18,592.870000000002
culinary,0.25,593.120000000002
misadventures.,0.24,593.360000000002
As,0.15,593.510000000002
they,0.27,593.780000000002
worked,0.28,594.060000000002
together,0.2,594.260000000002
to,0.35,594.610000000002
create,0.23,594.840000000002
a,0.28,595.120000000002
delicious,0.42,595.540000000002
"meal,",0.26,595.800000000002
Amelia,0.14,595.940000000002
realized,0.28,596.220000000002
that,0.27,596.490000000002
the,0.76,597.250000000001
combination,0.35,597.600000000002
of,0.22,597.820000000002
laughter,0.21,598.030000000002
and,0.28,598.310000000002
food,0.48,598.790000000002
preparation,0.51,599.300000000002
had,2.08,601.380000000002
a,0.3,601.680000000002
unique,0.22,601.900000000002
way,0.44,602.340000000002
of,0.49,602.830000000002
fostering,0.32,603.150000000002
connection,0.6,603.750000000002
and,0.76,604.510000000002
healing,0.56,605.070000000002
within,0.3,605.370000000002
her,0.32,605.690000000002
"family,",0.36,606.050000000002
helping,0.45,606.500000000002
them,0.23,606.730000000002
to,0.34,607.070000000002
move,0.18,607.250000000002
forward,0.38,607.630000000002
from,0.29,607.920000000002
the,0.24,608.160000000002
challenges,0.09,608.250000000002
they,0.4,608.650000000002
had,0.32,608.970000000002
faced,0.18,609.150000000002
during,0.35,609.500000000002
her,0.2,609.700000000002
birthday,0.23,609.930000000002
celebration.,0.31,610.240000000002
As,0.3,610.540000000002
Amelia,0.23,610.770000000002
became,0.45,611.220000000002
more,0.3,611.520000000002
involved,0.29,611.810000000002
in,0.15,611.960000000002
food,0.32,612.280000000002
"preparation,",0.16,612.440000000002
she,0.26,612.700000000002
discovered,0.22,612.920000000002
a,0.28,613.200000000002
newfound,0.29,613.490000000002
passion,0.28,613.770000000002
for,0.36,614.130000000002
the,0.31,614.440000000002
culinary,0.42,614.860000000002
arts.,0.32,615.180000000002
She,0.31,615.490000000002
took,0.46,615.950000000002
great,0.38,616.330000000002
pleasure,0.34,616.670000000002
in,0.22,616.890000000002
learning,0.3,617.190000000002
new,0.24,617.430000000002
"techniques,",0.29,617.720000000002
such,0.3,618.020000000001
