word,timing,time_running,word_len,ends_in_period,ends_in_comma
As,0.18777971473710692,0.18777971473710692,2,False,False
I,0.2209173114554198,0.4086970261925267,1,False,False
sat,0.2931440764331696,0.7018411026256963,3,False,False
"alone,",0.38660529504698476,1.088446397672681,6,False,True
the,0.33137596718312984,1.4198223648558108,3,False,False
golden,0.39765116061975575,1.8174735254755665,6,False,False
hues,0.2956738628241721,2.1131473882997387,4,False,False
of,0.290614290042167,2.4037616783419056,2,False,False
dusk,0.33137596718312984,2.7351376455250356,4,False,False
painting,0.24300904260096173,2.9781466881259973,8,False,False
my,0.2540549081737328,3.23220159629973,2,False,False
room,0.18777971473710692,3.4199813110368367,4,False,False
in,0.290614290042167,3.7105956010790035,2,False,False
a,0.2651007737465038,3.975696374825507,1,False,False
"warm,",0.2651007737465038,4.240797148572011,5,False,True
forgiving,0.2098714458826489,4.45066859445466,9,False,False
"light,",0.4197428917652978,4.8704114862199575,6,False,True
I,0.24300904260096187,5.113420528820919,1,False,False
couldn't,0.22091731145541987,5.334337840276339,8,False,False
help,0.2871925048920459,5.6215303451683845,4,False,False
but,0.2931440764331696,5.914674421601554,3,False,False
dive,0.22091731145541987,6.135591733056974,4,False,False
deep,0.2540549081737328,6.389646641230707,4,False,False
into,0.20987144588264878,6.599518087113355,4,False,False
the,0.22091731145541987,6.820435398568775,3,False,False
ocean,0.2871925048920459,7.107627903460821,5,False,False
of,0.290614290042167,7.398242193502988,2,False,False
my,0.3755594294742137,7.773801622977201,2,False,False
"thoughts,",0.5964767409296337,8.370278363906834,9,False,True
reflecting,0.39765116061975575,8.76792952452659,10,False,False
on,0.290614290042167,9.058543814568758,2,False,False
the,0.4639263540563817,9.522470168625139,3,False,False
tumultuous,0.33137596718312984,9.853846135808269,10,False,False
journey,0.22091731145541987,10.074763447263688,7,False,False
that,0.2956738628241721,10.37043731008786,4,False,False
had,0.2931440764331696,10.66358138652103,3,False,False
led,0.2931440764331696,10.956725462954198,3,False,False
me,0.290614290042167,11.247339752996366,2,False,False
to,0.290614290042167,11.537954043038534,2,False,False
this,0.27614663931927486,11.81410068235781,4,False,False
moment,0.30928423603758776,12.123384918395397,6,False,False
of,0.2982383704648168,12.421623288860214,2,False,False
solitude.,0.3024349795774191,12.724058268437634,9,True,False
It,0.290614290042167,13.014672558479802,2,False,False
was,0.2931440764331696,13.307816634912971,3,False,False
a,0.23196317702819086,13.539779811941163,1,False,False
journey,0.3424218327559007,13.882201644697064,7,False,False
marked,0.2651007737465038,14.147302418443568,6,False,False
by,0.2982383704648168,14.445540788908385,2,False,False
trials,0.25405490817373294,14.699595697082119,6,False,False
and,0.5191556819202368,15.218751379002356,3,False,False
"tribulations,",0.5633391442113207,15.782090523213677,13,False,True
each,0.20987144588264878,15.991961969096327,4,False,False
one,0.29823837046481677,16.290200339561142,3,False,False
teaching,0.25405490817373283,16.544255247734874,8,False,False
me,0.290614290042167,16.834869537777042,2,False,False
more,0.24300904260096187,17.077878580378005,4,False,False
about,0.37555942947421384,17.45343800985222,5,False,False
myself,0.8284399179578246,18.281877927810044,6,False,False
than,0.2956738628241721,18.577551790634217,4,False,False
I,0.2880845036511645,18.86563629428538,1,False,False
had,0.2931440764331696,19.15878037071855,3,False,False
ever,0.2540549081737328,19.41283527889228,4,False,False
known.,0.29484562040441153,19.707680899296694,6,True,False
I,0.25405490817373283,19.961735807470426,1,False,False
learned,0.3203301016103588,20.282065909080785,7,False,False
to,0.29823837046481677,20.5803042795456,2,False,False
forgive,0.4418346229108397,21.02213890245644,7,False,False
and,0.2931440764331696,21.31528297888961,3,False,False
let,0.19882558030987788,21.51410855919949,3,False,False
go,0.290614290042167,21.804722849241656,2,False,False
of,0.290614290042167,22.095337139283824,2,False,False
the,0.3424218327559008,22.437758972039724,3,False,False
bitterness,0.27614663931927486,22.713905611359,10,False,False
that,0.2098714458826489,22.923777057241647,4,False,False
once,0.33137596718312984,23.25515302442478,4,False,False
consumed,0.3424218327559008,23.59757485718068,8,False,False
"me,",0.44183462291083975,24.039409480091518,3,False,True
understanding,0.4860180852019237,24.52542756529344,13,False,False
that,0.2871925048920459,24.81262007018549,4,False,False
holding,0.25405490817373283,25.06667497835922,7,False,False
onto,0.3755594294742137,25.442234407833435,4,False,False
anger,0.30928423603758787,25.751518643871023,5,False,False
was,0.19882558030987788,25.950344224180903,3,False,False
like,0.4197428917652978,26.370087115946202,4,False,False
grasping,0.27614663931927486,26.646233755265477,8,False,False
a,0.19882558030987788,26.845059335575357,1,False,False
coal,0.22091731145541987,27.065976647030777,4,False,False
with,0.2956738628241721,27.36165050985495,4,False,False
the,0.27614663931927486,27.637797149174226,3,False,False
intent,0.3203301016103588,27.958127250784585,6,False,False
of,0.4639263540563817,28.42205360484097,2,False,False
throwing,0.23196317702819078,28.65401678186916,8,False,False
it,0.290614290042167,28.944631071911328,2,False,False
at,0.30928423603758787,29.253915307948915,2,False,False
someone,0.2540549081737328,29.507970216122647,7,False,False
else;,0.29820364921517456,29.806173865337822,5,False,False
I,0.2098714458826489,30.01604531122047,1,False,False
was,0.2931440764331696,30.30918938765364,3,False,False
the,0.18777971473710678,30.496969102390747,3,False,False
one,0.2098714458826489,30.706840548273394,3,False,False
who,0.25405490817373283,30.960895456447126,3,False,False
got,0.2651007737465038,31.22599623019363,3,False,False
burned.,0.2973754067954141,31.523371636989044,7,True,False
Pushing,0.3424218327559008,31.865793469744943,7,False,False
past,0.2956738628241721,32.16146733256912,4,False,False
it,0.28719250489204573,32.448659837461165,2,False,False
wasn't,0.23196317702819086,32.680623014489356,6,False,False
easy;,0.29820364921517456,32.97882666370453,5,False,False
it,0.3424218327559008,33.321248496460434,2,False,False
required,0.37555942947421384,33.69680792593465,8,False,False
every,0.3534676983286718,34.05027562426332,5,False,False
ounce,0.29820364921517456,34.348479273478496,5,False,False
of,0.2651007737465038,34.613580047225,2,False,False
strength,0.2098714458826489,34.82345149310765,8,False,False
I,0.2651007737465038,35.08855226685415,1,False,False
"had,",0.2651007737465038,35.353653040600655,4,False,True
but,0.2931440764331696,35.64679711703383,3,False,False
it,0.2871925048920459,35.933989621925875,2,False,False
taught,0.18777971473710692,36.12176933666298,6,False,False
me,0.39765116061975575,36.51942049728274,2,False,False
resilience.,0.3074945523594242,36.82691504964216,11,True,False
Extending,0.4086970261925268,37.23561207583469,9,False,False
empathy,0.1988255803098778,37.43443765614457,7,False,False
to,0.18777971473710692,37.62221737088167,2,False,False
those,0.23196317702819086,37.85418054790986,5,False,False
who,0.37555942947421384,38.22973997738408,3,False,False
wronged,0.23196317702819078,38.46170315441227,7,False,False
me,0.24300904260096187,38.70471219701323,2,False,False
wasn't,0.19882558030987788,38.90353777732311,6,False,False
a,0.30928423603758787,39.2128220133607,1,False,False
sign,0.18777971473710692,39.400601728097804,4,False,False
of,0.27614663931927486,39.676748367417076,2,False,False
"weakness,",0.3755594294742139,40.05230779689129,9,False,True
as,0.290614290042167,40.342922086933456,2,False,False
I,0.19882558030987788,40.541747667243335,1,False,False
once,0.25405490817373283,40.79580257541707,4,False,False
"thought,",0.3131645780962807,41.108967153513355,8,False,True
but,0.2931440764331696,41.40211122994653,3,False,False
a,0.2982383704648168,41.70034960041134,1,False,False
testament,0.2098714458826489,41.91022104629399,9,False,False
to,0.290614290042167,42.200835336336155,2,False,False
my,0.3755594294742137,42.57639476581037,2,False,False
growth.,0.2973754067954141,42.87377017260579,7,True,False
"Eventually,",0.3207539372692883,43.194524109875076,11,False,True
I,0.3534676983286718,43.54799180820375,1,False,False
forgave,0.33137596718312995,43.879367775386875,7,False,False
not,0.2651007737465038,44.14446854913338,3,False,False
just,0.2651007737465038,44.40956932287988,4,False,False
those,0.22091731145541987,44.630486634335305,5,False,False
who,0.19882558030987788,44.829312214645185,3,False,False
hurt,0.19882558030987788,45.028137794955065,4,False,False
"me,",0.20987144588264878,45.23800924083771,3,False,True
but,0.24300904260096173,45.48101828343867,3,False,False
also,0.4197428917652978,45.90076117520397,4,False,False
myself,0.27614663931927486,46.17690781452324,6,False,False
for,0.2931440764331696,46.47005189095641,3,False,False
the,0.3534676983286718,46.823519589285084,3,False,False
times,0.24300904260096187,47.066528631886044,5,False,False
I,0.18777971473710692,47.25430834662315,1,False,False
fell,0.26510077374650376,47.51940912036965,4,False,False
short.,0.29484562040441153,47.81425474077406,6,True,False
This,0.3203301016103588,48.13458484238442,4,False,False
journey,0.2540549081737328,48.388639750558156,7,False,False
unearthed,0.4970639507746948,48.88570370133285,9,False,False
facets,0.2098714458826489,49.0955751472155,6,False,False
of,0.3203301016103588,49.41590524882586,2,False,False
myself,0.3534676983286717,49.76937294715453,6,False,False
which,0.29820364921517456,50.067576596369705,5,False,False
I,0.2880845036511645,50.35566110002087,1,False,False
had,0.2651007737465038,50.62076187376737,3,False,False
buried,0.30928423603758787,50.93004610980496,6,False,False
under,0.29823837046481677,51.22828448026978,5,False,False
layers,0.24300904260096187,51.47129352287074,6,False,False
of,0.3203301016103588,51.7916236244811,2,False,False
denial,0.2871925048920459,52.078816129373145,6,False,False
and,0.2651007737465038,52.34391690311965,3,False,False
"pride,",0.4086970261925268,52.752613929312176,6,False,True
revealing,0.30928423603758787,53.06189816534977,9,False,False
a,0.3203301016103588,53.38222826696013,1,False,False
person,0.4197428917652978,53.80197115872542,6,False,False
stronger,0.3534676983286717,54.155438857054094,8,False,False
and,0.2931440764331696,54.448582933487266,3,False,False
more,0.4307887573380688,54.87937169082534,4,False,False
compassionate,0.5302015474930075,55.409573238318345,13,False,False
than,0.2956738628241721,55.70524710114252,4,False,False
I,0.2880845036511645,55.99333160479368,1,False,False
ever,0.1988255803098778,56.19215718510356,4,False,False
knew,0.3534676983286718,56.54562488343223,4,False,False
existed,0.4197428917652978,56.96536777519753,7,False,False
within,0.27614663931927486,57.2415144145168,6,False,False
me.,0.18777971473710678,57.429294129253904,3,True,False
From,0.2956738628241721,57.72496799207808,4,False,False
the,0.3645135639014427,58.08948155597952,3,False,False
sanctuary,0.3424218327559008,58.43190338873542,9,False,False
of,0.290614290042167,58.722517678777585,2,False,False
my,0.23196317702819078,58.95448085580578,2,False,False
"room,",0.32033010161035896,59.274810957416136,5,False,True
I,0.2871925048920459,59.56200346230818,1,False,False
ventured,0.33137596718312984,59.89337942949131,8,False,False
"out,",0.30304543253227056,60.196424862023584,4,False,True
drawn,0.2651007737465038,60.46152563577009,5,False,False
by,0.290614290042167,60.75213992581225,2,False,False
the,0.18777971473710692,60.939919640549356,3,False,False
allure,0.2098714458826489,61.149791086432,6,False,False
of,0.290614290042167,61.44040537647417,2,False,False
the,0.19882558030987788,61.63923095678405,3,False,False
world,0.33137596718312984,61.970606923967175,5,False,False
beyond,0.27614663931927486,62.24675356328645,6,False,False
my,0.2651007737465038,62.51185433703295,2,False,False
four,0.3534676983286718,62.86532203536162,4,False,False
walls.,0.29484562040441153,63.16016765576603,6,True,False
In,0.290614290042167,63.450781945808195,2,False,False
the,0.36451356390144285,63.815295509709635,3,False,False
"courtyard,",0.3182241508782857,64.13351966058792,10,False,True
where,0.29820364921517456,64.43172330980309,5,False,False
the,0.2540549081737328,64.68577821797682,3,False,False
shadows,0.2540549081737328,64.93983312615055,7,False,False
danced,0.2871925048920459,65.2270256310426,6,False,False
beneath,0.2098714458826489,65.43689707692525,7,False,False
the,0.2931440764331696,65.73004115335841,3,False,False
"moonlight,",0.4639263540563817,66.1939675074148,10,False,True
I,0.3424218327559008,66.5363893401707,1,False,False
found,0.4639263540563817,67.00031569422708,5,False,False
solace,0.3007334356061771,67.30104912983326,6,False,False
in,0.290614290042167,67.59166341987543,2,False,False
the,0.3203301016103588,67.91199352148578,3,False,False
quietude,0.3057930083881822,68.21778652987396,8,False,False
that,0.4086970261925268,68.62648355606649,4,False,False
enveloped,0.39765116061975575,69.02413471668625,9,False,False
me.,0.5633391442113207,69.58747386089757,3,True,False
Leaning,0.38660529504698476,69.97407915594457,7,False,False
against,0.23196317702819086,70.20604233297276,7,False,False
the,0.27614663931927486,70.48218897229204,3,False,False
railing,0.3203301016103588,70.80251907390239,7,False,False
looking,0.2761466393192747,71.07866571322167,7,False,False
"out,",0.3755594294742137,71.45422514269588,4,False,True
I,0.1988255803098778,71.65305072300575,1,False,False
was,0.5081098163474657,72.16116053935322,3,False,False
mesmerized,0.3645135639014427,72.52567410325466,10,False,False
by,0.290614290042167,72.81628839329683,2,False,False
the,0.27614663931927486,73.09243503261611,3,False,False
vast,0.4418346229108397,73.53426965552696,4,False,False
expanse,0.2871925048920459,73.821462160419,7,False,False
that,0.2098714458826489,74.03133360630166,4,False,False
lay,0.2651007737465038,74.29643438004817,3,False,False
before,0.8284399179578246,75.12487429800599,6,False,False
"me,",0.300515646141268,75.42538994414726,3,False,True
a,0.38660529504698476,75.81199523919425,1,False,False
tapestry,0.2982383704648168,76.11023360965906,8,False,False
of,0.30928423603758787,76.41951784569665,2,False,False
darkness,0.18777971473710678,76.60729756043375,8,False,False
and,0.4086970261925268,77.01599458662628,3,False,False
light.,0.29484562040441153,77.3108402070307,6,True,False
The,0.24300904260096187,77.55384924963165,3,False,False
stars,0.28719250489204573,77.8410417545237,5,False,False
above,0.2651007737465038,78.10614252827021,5,False,False
the,0.24300904260096187,78.34915157087117,3,False,False
gulf,0.30928423603758787,78.65843580690876,4,False,False
seemed,0.32033010161035874,78.97876590851911,6,False,False
to,0.22091731145541987,79.19968321997453,2,False,False
whisper,0.6296143376479467,79.82929755762248,7,False,False
secrets,0.2871925048920459,80.11649006251453,7,False,False
of,0.290614290042167,80.4071043525567,2,False,False
the,0.38660529504698476,80.79370964760369,3,False,False
"universe,",0.31569436448728316,81.10940401209098,9,False,True
guiding,0.19882558030987788,81.30822959240085,7,False,False
me,0.8284399179578246,82.13666951035867,2,False,False
towards,0.2098714458826489,82.34654095624133,7,False,False
a,0.3534676983286718,82.70000865457,1,False,False
path,0.24300904260096187,82.94301769717096,4,False,False
of,0.3755594294742137,83.31857712664517,2,False,False
discovery.,0.38660529504698476,83.70518242169216,10,True,False
Outside,0.38660529504698476,84.09178771673915,7,False,False
the,0.2982383704648168,84.39002608720396,3,False,False
"windows,",0.6958895310845727,85.08591561828854,8,False,True
life,0.2956738628241721,85.38158948111271,4,False,False
went,0.19882558030987788,85.58041506142258,4,False,False
on,0.290614290042167,85.87102935146476,2,False,False
in,0.290614290042167,86.16164364150693,2,False,False
a,0.3424218327559008,86.50406547426283,1,False,False
myriad,0.25405490817373283,86.75812038243656,6,False,False
of,0.3424218327559008,87.10054221519246,2,False,False
"directions,",0.27614663931927486,87.37668885451174,11,False,True
each,0.2651007737465038,87.64178962825825,4,False,False
light,0.4197428917652978,88.06153252002355,5,False,False
representing,0.39765116061975575,88.4591836806433,12,False,False
a,0.8284399179578246,89.28762359860113,1,False,False
"story,",0.3081050053142756,89.5957286039154,6,False,True
a,0.2651007737465038,89.86082937766191,1,False,False
journey.,0.2999051931864166,90.16073457084833,8,True,False
I,0.2540549081737328,90.41478947902206,1,False,False
felt,0.2956738628241721,90.71046334184624,4,False,False
a,0.23196317702819086,90.94242651887443,1,False,False
pull,0.2982383704648168,91.24066488933924,4,False,False
towards,0.29823837046481677,91.53890325980406,7,False,False
these,0.23196317702819086,91.77086643683225,5,False,False
unknown,0.3866052950469849,92.15747173187924,7,False,False
"narratives,",0.5412474130657787,92.69871914494502,11,False,True
a,0.3534676983286718,93.05218684327369,1,False,False
desire,0.30928423603758787,93.36147107931127,6,False,False
to,0.4197428917652978,93.78121397107657,2,False,False
explore,0.4639263540563817,94.24514032513295,7,False,False
and,0.4197428917652978,94.66488321689825,3,False,False
understand,0.4307887573380688,95.09567197423631,10,False,False
the,0.2540549081737328,95.34972688241004,3,False,False
myriad,0.18777971473710692,95.53750659714714,6,False,False
paths,0.22091731145541987,95.75842390860257,5,False,False
that,0.4639263540563817,96.22235026265895,4,False,False
intersected,0.4970639507746946,96.71941421343364,11,False,False
just,0.19882558030987788,96.91823979374351,4,False,False
beyond,0.2098714458826489,97.12811123962616,6,False,False
my,0.3203301016103588,97.44844134123652,2,False,False
reach.,0.6406602032207176,98.08910154445724,6,True,False
Up,0.290614290042167,98.37971583449941,2,False,False
the,0.36451356390144285,98.74422939840085,3,False,False
"coast,",0.6627519343662597,99.4069813327671,6,False,True
where,0.29820364921517456,99.70518498198227,5,False,False
the,0.23196317702819086,99.93714815901046,3,False,False
land,0.3203301016103588,100.25747826062081,4,False,False
met,0.2931440764331696,100.55062233705398,3,False,False
the,0.2931440764331696,100.84376641348715,3,False,False
"sea,",0.4418346229108397,101.28560103639799,4,False,True
I,0.4418346229108397,101.72743565930884,1,False,False
envisioned,0.2098714458826489,101.9373071051915,10,False,False
a,0.27614663931927486,102.21345374451077,1,False,False
place,0.36451356390144285,102.57796730841221,5,False,False
where,0.29820364921517456,102.87617095762738,5,False,False
my,0.2098714458826489,103.08604240351004,2,False,False
own,0.25405490817373283,103.34009731168376,3,False,False
story,0.29820364921517456,103.63830096089893,5,False,False
would,0.2651007737465038,103.90340173464544,5,False,False
take,0.2098714458826489,104.1132731805281,4,False,False
its,0.2931440764331696,104.40641725696126,3,False,False
next,0.2982383704648168,104.70465562742608,4,False,False
"turn,",0.3055752189232731,105.01023084634934,5,False,True
where,0.29820364921517456,105.30843449556451,5,False,False
the,0.23196317702819086,105.5403976725927,3,False,False
lessons,0.3755594294742137,105.91595710206691,7,False,False
learned,0.25405490817373283,106.17001201024064,7,False,False
in,0.39765116061975575,106.5676631708604,2,False,False
solitude,0.3755594294742137,106.94322260033461,8,False,False
would,0.24300904260096187,107.18623164293557,5,False,False
find,0.24300904260096187,107.42924068553653,4,False,False
their,0.3645135639014427,107.79375424943797,5,False,False
expression,0.24300904260096173,108.03676329203893,10,False,False
in,0.290614290042167,108.3273775820811,2,False,False
the,0.4086970261925268,108.73607460827363,3,False,False
vastness,0.24300904260096173,108.97908365087459,8,False,False
of,0.19882558030987788,109.17790923118446,2,False,False
the,0.4860180852019237,109.66392731638638,3,False,False
world,0.6848436655118016,110.34877098189818,5,False,False
outside.,0.27614663931927486,110.62491762121746,8,True,False
The,0.23196317702819078,110.85688079824565,3,False,False
decision,0.2098714458826489,111.06675224412831,8,False,False
to,0.3645135639014427,111.43126580802975,2,False,False
leave,0.2651007737465038,111.69636658177626,5,False,False
wasn't,0.3534676983286717,112.04983428010493,6,False,False
made,0.6517060687934886,112.70154034889842,4,False,False
lightly.,0.2999051931864166,113.00144554208484,8,True,False
Here,0.4307887573380688,113.4322342994229,4,False,False
in,0.7290271278028855,114.16126142722578,2,False,False
"Manhattan,",0.3182241508782857,114.47948557810406,10,False,True
amidst,0.29823837046481677,114.77772394856888,6,False,False
the,0.37555942947421384,115.15328337804308,3,False,False
ceaseless,0.30832279477918473,115.46160617282227,9,False,False
hum,0.24300904260096173,115.70461521542323,3,False,False
of,0.290614290042167,115.9952295054654,2,False,False
life,0.18777971473710678,116.1830092202025,4,False,False
and,0.38660529504698476,116.5696145152495,3,False,False
the,0.2871925048920459,116.85680702014155,3,False,False
towering,0.2540549081737328,117.11086192831527,8,False,False
monuments,0.25405490817373283,117.364916836489,9,False,False
to,0.36451356390144285,117.72943040039044,2,False,False
human,0.23196317702819086,117.96139357741863,5,False,False
"endeavor,",0.31569436448728316,118.27708794190592,9,False,True
I,0.3203301016103588,118.59741804351627,1,False,False
had,0.19882558030987788,118.79624362382614,3,False,False
found,0.24300904260096173,119.0392526664271,5,False,False
a,0.2871925048920459,119.32644517131915,1,False,False
version,0.30928423603758787,119.63572940735673,7,False,False
of,0.3424218327559008,119.97815124011264,2,False,False
myself,0.2098714458826489,120.18802268599529,6,False,False
I,0.2098714458826489,120.39789413187795,1,False,False
never,0.30928423603758787,120.70717836791553,5,False,False
knew,0.8284399179578246,121.53561828587335,4,False,False
existed.,0.2999051931864166,121.83552347905977,8,True,False
"Yet,",0.23196317702819086,122.06748665608797,4,False,True
the,0.2931440764331696,122.36063073252113,3,False,False
thought,0.27614663931927486,122.63677737184041,7,False,False
of,0.30928423603758787,122.946061607878,2,False,False
staying,0.38660529504698476,123.33266690292498,7,False,False
felt,0.3645135639014427,123.69718046682642,4,False,False
like,0.2209173114554198,123.91809777828185,4,False,False
anchoring,0.3534676983286718,124.27156547661052,9,False,False
myself,0.3007334356061771,124.5722989122167,6,False,False
to,0.290614290042167,124.86291320225887,2,False,False
a,0.2880845036511645,125.15099770591003,1,False,False
version,0.3032632219971797,125.45426092790721,7,False,False
of,0.2540549081737328,125.70831583608094,2,False,False
me,0.23196317702819086,125.94027901310913,2,False,False
that,0.2956738628241721,126.23595287593331,4,False,False
needed,0.3007334356061771,126.53668631153948,6,False,False
to,0.2540549081737328,126.79074121971321,2,False,False
grow,0.25405490817373283,127.04479612788694,4,False,False
beyond,0.2982383704648168,127.34303449835176,6,False,False
these,0.29820364921517456,127.64123814756692,5,False,False
city,0.2982383704648168,127.93947651803174,4,False,False
limits.,0.23196317702819078,128.17143969505992,7,True,False
The,0.24300904260096173,128.41444873766088,3,False,False
idea,0.22091731145541987,128.6353660491163,4,False,False
of,0.29823837046481677,128.93360441958112,2,False,False
moving,0.3203301016103588,129.25393452119147,6,False,False
to,0.290614290042167,129.54454881123362,2,False,False
"Texas,",0.27614663931927486,129.8206954505529,6,False,True
with,0.33137596718312984,130.15207141773604,4,False,False
its,0.38660529504698476,130.53867671278303,3,False,False
vast,0.2956738628241721,130.8343505756072,4,False,False
skies,0.3203301016103588,131.15468067721756,5,False,False
and,0.22091731145541987,131.37559798867298,3,False,False
a,0.3755594294742137,131.7511574181472,1,False,False
pace,0.24300904260096173,131.99416646074815,4,False,False
of,0.24300904260096187,132.2371755033491,2,False,False
life,0.29823837046481677,132.53541387381392,4,False,False
so,0.290614290042167,132.82602816385608,2,False,False
different,0.30832279477918473,133.13435095863525,9,False,False
from,0.2956738628241721,133.43002482145943,4,False,False
what,0.24300904260096173,133.6730338640604,4,False,False
I,0.2880845036511645,133.96111836771155,1,False,False
had,0.23196317702819086,134.19308154473973,3,False,False
"known,",0.18777971473710692,134.38086125947683,6,False,True
intrigued,0.37555942947421384,134.75642068895104,9,False,False
me.,0.28725626123140396,135.04367695018243,3,True,False
It,0.30928423603758776,135.35296118622003,2,False,False
promised,0.3866052950469849,135.73956648126702,8,False,False
a,0.25405490817373283,135.99362138944076,1,False,False
canvas,0.30928423603758776,136.30290562547836,6,False,False
vast,0.2956738628241721,136.59857948830253,4,False,False
enough,0.2982383704648168,136.89681785876735,6,False,False
for,0.2651007737465038,137.16191863251385,3,False,False
the,0.18777971473710692,137.34969834725095,3,False,False
dreams,0.22091731145541987,137.57061565870637,6,False,False
I,0.2540549081737328,137.82467056688012,1,False,False
dared,0.29820364921517456,138.12287421609528,5,False,False
not,0.2098714458826489,138.33274566197792,3,False,False
dream,0.36451356390144285,138.69725922587938,5,False,False
back,0.2956738628241721,138.99293308870355,4,False,False
in,0.18777971473710678,139.18071280344066,2,False,False
Manhattan.,0.25405490817373283,139.4347677116144,10,True,False
But,0.24300904260096187,139.67777675421536,3,False,False
it,0.6185684720751756,140.29634522629053,2,False,False
wasn't,0.2982383704648168,140.59458359675534,6,False,False
just,0.2098714458826489,140.80445504263798,4,False,False
Texas,0.2982383704648168,141.1026934131028,5,False,False
that,0.18777971473710692,141.2904731278399,4,False,False
called,0.23196317702819086,141.52243630486808,6,False,False
to,0.290614290042167,141.81305059491024,2,False,False
me;,0.2651007737465038,142.07815136865673,3,False,False
there,0.2871925048920459,142.36534387354877,5,False,False
was,0.22091731145541987,142.5862611850042,3,False,False
also,0.23196317702819078,142.81822436203237,4,False,False
the,0.24300904260096173,143.06123340463333,3,False,False
allure,0.8284399179578246,143.88967332259116,6,False,False
of,0.290614290042167,144.18028761263332,2,False,False
leaving,0.26510077374650376,144.44538838637982,7,False,False
for,0.2931440764331696,144.738532462813,3,False,False
"France,",0.3106347917052782,145.04916725451827,7,False,True
a,0.2098714458826489,145.2590387004009,1,False,False
place,0.2651007737465038,145.5241394741474,5,False,False
where,0.4307887573380688,145.95492823148547,5,False,False
the,0.36451356390144285,146.31944179538692,3,False,False
art,0.2931440764331696,146.6125858718201,3,False,False
and,0.22091731145541987,146.83350318327552,3,False,False
beauty,0.3424218327559008,147.1759250160314,6,False,False
resonated,0.2209173114554198,147.39684232748684,9,False,False
with,0.2956738628241721,147.692516190311,4,False,False
the,0.27614663931927486,147.9686628296303,3,False,False
deepest,0.6075226065024047,148.5761854361327,7,False,False
parts,0.6075226065024046,149.18370804263512,5,False,False
of,0.2982383704648168,149.48194641309993,2,False,False
my,0.3203301016103588,149.8022765147103,2,False,False
"soul,",0.2098714458826489,150.01214796059293,5,False,True
promising,0.27614663931927486,150.2882945999122,9,False,False
inspiration,0.19882558030987788,150.4871201802221,11,False,False
and,0.2931440764331696,150.78026425665527,3,False,False
renewal.,0.33137596718312984,151.1116402238384,8,True,False
And,0.6185684720751756,151.73020869591357,3,False,False
then,0.22091731145541987,151.951126007369,4,False,False
there,0.19882558030987788,152.14995158767888,5,False,False
was,0.2931440764331696,152.44309566411206,3,False,False
"Boston,",0.3203301016103588,152.76342576572242,7,False,True
a,0.3203301016103588,153.08375586733277,1,False,False
city,0.4086970261925268,153.4924528935253,4,False,False
rich,0.2956738628241721,153.78812675634947,4,False,False
in,0.18777971473710692,153.97590647108657,2,False,False
history,0.3032632219971797,154.27916969308376,7,False,False
and,0.2871925048920459,154.5663621979758,3,False,False
"academia,",0.3203301016103588,154.88669229958614,9,False,True
where,0.3424218327559008,155.22911413234203,5,False,False
I,0.2540549081737328,155.48316904051578,1,False,False
could,0.5302015474930076,156.0133705880088,5,False,False
pursue,0.22091731145541987,156.23428789946422,6,False,False
further,0.38660529504698476,156.6208931945112,7,False,False
knowledge,0.8284399179578246,157.44933311246905,9,False,False
and,0.4086970261925268,157.85803013866158,3,False,False
challenge,0.2871925048920459,158.1452226435536,9,False,False
my,0.290614290042167,158.43583693359577,2,False,False
intellect.,0.19882558030987788,158.63466251390565,10,True,False
Each,0.29823837046481677,158.93290088437047,4,False,False
location,0.3057930083881822,159.23869389275865,8,False,False
beckoned,0.37555942947421384,159.61425332223286,8,False,False
with,0.5412474130657787,160.15550073529863,4,False,False
its,0.3755594294742137,160.53106016477284,3,False,False
unique,0.3007334356061771,160.83179360037903,6,False,False
siren,0.22091731145541987,161.05271091183445,5,False,False
"song,",0.2871925048920459,161.3399034167265,5,False,True
inviting,0.28719250489204573,161.62709592161852,8,False,False
me,0.290614290042167,161.91771021166068,2,False,False
to,0.2540549081737328,162.17176511983442,2,False,False
step,0.33137596718312984,162.50314108701755,4,False,False
into,0.3424218327559008,162.84556291977344,4,False,False
new,0.36451356390144285,163.2100764836749,3,False,False
versions,0.2540549081737328,163.46413139184864,8,False,False
of,0.22091731145541987,163.68504870330406,2,False,False
"myself,",0.3106347917052782,163.99568349500933,7,False,True
to,0.290614290042167,164.2862977850515,2,False,False
explore,0.3032632219971797,164.58956100704867,7,False,False
who,0.2540549081737328,164.84361591522241,3,False,False
I,0.27614663931927486,165.1197625545417,1,False,False
could,0.47497221962915265,165.59473477417086,5,False,False
become,0.3007334356061771,165.89546820977705,6,False,False
in,0.24300904260096187,166.138477252378,2,False,False
these,0.33137596718312984,166.46985321956114,5,False,False
varied,0.2540549081737328,166.7239081277349,6,False,False
landscapes.,0.3074945523594242,167.03140268009432,11,True,False
The,0.2540549081737328,167.28545758826806,3,False,False
journey,0.24300904260096187,167.52846663086902,7,False,False
began,0.25405490817373283,167.78252153904276,5,False,False
with,0.20987144588264878,167.9923929849254,4,False,False
a,0.18777971473710678,168.1801726996625,1,False,False
brisk,0.36451356390144285,168.54468626356396,5,False,False
walk,0.19882558030987788,168.74351184387385,4,False,False
down,0.18777971473710678,168.93129155861095,4,False,False
the,0.2982383704648168,169.22952992907577,3,False,False
long,0.2956738628241721,169.52520379189994,4,False,False
hallway,0.20987144588264878,169.73507523778258,7,False,False
toward,0.2982383704648168,170.0333136082474,6,False,False
the,0.2871925048920459,170.32050611313943,3,False,False
"terminal,",0.5191556819202368,170.83966179505967,9,False,True
my,0.8284399179578246,171.6681017130175,2,False,False
heart,0.29820364921517456,171.96630536223267,5,False,False
racing,0.22091731145541987,172.1872226736881,6,False,False
with,0.2956738628241721,172.48289653651227,4,False,False
anticipation,0.5743850097840918,173.05728154629637,12,False,False
and,0.2931440764331696,173.35042562272955,3,False,False
a,0.3424218327559008,173.69284745548543,1,False,False
hint,0.24300904260096173,173.9358564980864,4,False,False
of,0.8284399179578246,174.76429641604423,2,False,False
nervousness.,0.3100243387504267,175.07432075479466,12,True,False
Each,0.2956738628241721,175.36999461761883,4,False,False
step,0.2871925048920459,175.65718712251086,4,False,False
felt,0.2098714458826489,175.8670585683935,4,False,False
like,0.30928423603758787,176.1763428044311,4,False,False
a,0.24300904260096173,176.41935184703206,1,False,False
leap,0.18777971473710692,176.60713156176917,4,False,False
towards,0.3032632219971797,176.91039478376635,7,False,False
a,0.2880845036511645,177.1984792874175,1,False,False
future,0.3424218327559008,177.5409011201734,6,False,False
I,0.2880845036511645,177.82898562382456,1,False,False
had,0.4307887573380688,178.25977438116263,3,False,False
yet,0.41974289176529767,178.67951727292794,3,False,False
to,0.290614290042167,178.9701315629701,2,False,False
imagine.,0.2098714458826489,179.18000300885274,8,True,False
Once,0.22091731145541987,179.40092032030816,4,False,False
"outside,",0.24300904260096173,179.64392936290912,8,False,True
I,0.2880845036511645,179.93201386656028,1,False,False
made,0.36451356390144285,180.29652743046174,4,False,False
my,0.290614290042167,180.5871417205039,2,False,False
way,0.5081098163474657,181.09525153685135,3,False,False
down,0.2956738628241721,181.39092539967552,4,False,False
the,0.2931440764331696,181.6840694761087,3,False,False
"sidewalk,",0.33137596718312984,182.01544544329184,9,False,True
the,0.33137596718312967,182.34682141047497,3,False,False
cacophony,0.3755594294742137,182.72238083994918,9,False,False
of,0.3424218327559008,183.06480267270507,2,False,False
the,0.3424218327559008,183.40722450546096,3,False,False
bustling,0.3057930083881822,183.71301751384914,8,False,False
city,0.20987144588264878,183.92288895973178,4,False,False
fading,0.30928423603758787,184.23217319576938,6,False,False
behind,0.23196317702819086,184.46413637279755,6,False,False
me,0.33137596718312984,184.7955123399807,2,False,False
as,0.290614290042167,185.08612663002285,2,False,False
I,0.5743850097840918,185.66051163980694,1,False,False
approached,0.5081098163474657,186.1686214561544,10,False,False
the,0.24300904260096173,186.41163049875536,3,False,False
"quieter,",0.3131645780962807,186.72479507685165,8,False,True
more,0.3534676983286718,187.07826277518032,4,False,False
introspective,0.3976511606197557,187.47591393580007,13,False,False
space,0.29820364921517456,187.77411758501523,5,False,False
of,0.19882558030987788,187.97294316532512,2,False,False
the,0.19882558030987788,188.171768745635,3,False,False
travel,0.24300904260096187,188.41477778823597,6,False,False
hub.,0.22091731145541987,188.6356950996914,4,True,False
My,0.2982383704648168,188.9339334701562,2,False,False
route,0.2540549081737328,189.18798837832995,5,False,False
took,0.4418346229108397,189.6298230012408,4,False,False
me,0.23196317702819086,189.86178617826897,2,False,False
back,0.4860180852019237,190.3478042634709,4,False,False
through,0.3032632219971797,190.65106748546808,7,False,False
"London,",0.24300904260096173,190.89407652806904,7,False,True
a,0.4307887573380688,191.3248652854071,1,False,False
city,0.2956738628241721,191.62053914823127,4,False,False
that,0.22091731145541987,191.8414564596867,4,False,False
had,0.27614663931927486,192.11760309900598,3,False,False
always,0.3007334356061771,192.41833653461217,6,False,False
felt,0.24300904260096187,192.66134557721313,4,False,False
like,0.37555942947421384,193.03690500668733,4,False,False
a,0.25405490817373283,193.29095991486108,1,False,False
crossroads,0.19882558030987788,193.48978549517096,10,False,False
of,0.290614290042167,193.78039978521312,2,False,False
the,0.24300904260096187,194.02340882781408,3,False,False
"world,",0.3424218327559008,194.36583066056997,6,False,True
its,0.5302015474930076,194.896032208063,3,False,False
streets,0.39765116061975575,195.29368336868274,7,False,False
a,0.36451356390144285,195.6581969325842,1,False,False
map,0.5854308753568627,196.24362780794104,3,False,False
of,0.5522932786385497,196.7959210865796,2,False,False
countless,0.2209173114554198,197.01683839803502,9,False,False
stories,0.22091731145541987,197.23775570949044,7,False,False
and,0.22091731145541987,197.45867302094587,3,False,False
journeys,0.19882558030987788,197.65749860125575,8,False,False
intersecting.,0.19882558030987788,197.85632418156564,13,True,False
From,0.18777971473710678,198.04410389630274,4,False,False
"there,",0.22091731145541987,198.26502120775817,6,False,True
I,0.18777971473710692,198.45280092249527,1,False,False
was,0.2871925048920459,198.7399934273873,3,False,False
led,0.3203301016103588,199.06032352899766,3,False,False
upstairs,0.3057930083881822,199.36611653738584,8,False,False
to,0.2540549081737328,199.62017144555958,2,False,False
board,0.2209173114554198,199.841088757015,5,False,False
the,0.22091731145541987,200.06200606847042,3,False,False
train,0.29820364921517456,200.3602097176856,5,False,False
that,0.2956738628241721,200.65588358050977,4,False,False
would,0.3424218327559008,200.99830541326565,5,False,False
whisk,0.33137596718312984,201.3296813804488,5,False,False
me,0.41974289176529767,201.7494242722141,2,False,False
away,0.2956738628241721,202.04509813503827,4,False,False
to,0.33137596718312984,202.3764741022214,2,False,False
new,0.265100773746504,202.6415748759679,3,False,False
"adventures,",0.4528804884836107,203.0944553644515,11,False,True
each,0.2956738628241721,203.39012922727568,4,False,False
carriage,0.3057930083881822,203.69592223566386,8,False,False
a,0.2982383704648168,203.99416060612867,1,False,False
capsule,0.2098714458826489,204.2040320520113,7,False,False
of,0.33137596718312984,204.53540801919445,2,False,False
possibilities.,0.3150839115324318,204.8504919307269,14,True,False
"Finally,",0.23196317702819078,205.08245510775507,8,False,True
stepping,0.18777971473710678,205.27023482249217,8,False,False
onto,0.2956738628241721,205.56590868531634,4,False,False
the,0.3534676983286718,205.91937638364502,3,False,False
"subway,",0.38660529504698476,206.305981678692,7,False,True
I,0.33137596718312984,206.63735764587514,1,False,False
felt,0.30928423603758776,206.94664188191274,4,False,False
the,0.2540549081737328,207.20069679008648,3,False,False
tangible,0.4086970261925266,207.609393816279,8,False,False
excitement,0.30928423603758787,207.9186780523166,10,False,False
of,0.37555942947421384,208.29423748179082,2,False,False
"movement,",0.32033010161035896,208.61456758340117,9,False,True
of,0.24300904260096173,208.85757662600213,2,False,False
leaving,0.2982383704648168,209.15581499646694,7,False,False
behind,0.27614663931927486,209.43196163578622,6,False,False
the,0.3203301016103588,209.75229173739658,3,False,False
familiar,0.3057930083881822,210.05808474578475,8,False,False
and,0.2651007737465038,210.32318551953125,3,False,False
moving,0.3007334356061771,210.62391895513744,6,False,False
towards,0.48601808520192374,211.10993704033936,7,False,False
the,0.39765116061975575,211.5075882009591,3,False,False
unknown.,0.2999051931864166,211.80749339414552,8,True,False
Each,0.4197428917652978,212.22723628591083,4,False,False
mode,0.26510077374650376,212.49233705965733,4,False,False
of,0.290614290042167,212.7829513496995,2,False,False
transport,0.4197428917652978,213.2026942414648,9,False,False
was,0.30928423603758776,213.5119784775024,3,False,False
a,0.2880845036511645,213.80006298115356,1,False,False
thread,0.2982383704648168,214.09830135161837,6,False,False
in,0.3203301016103588,214.41863145322873,2,False,False
the,0.43078875733806865,214.8494202105668,3,False,False
tapestry,0.19882558030987788,215.04824579087668,8,False,False
of,0.2651007737465038,215.31334656462317,2,False,False
my,0.4197428917652978,215.73308945638848,2,False,False
"journey,",0.18777971473710678,215.9208691711256,8,False,True
weaving,0.4197428917652978,216.3406120628909,7,False,False
together,0.25405490817373283,216.59466697106464,8,False,False
a,0.27614663931927486,216.87081361038392,1,False,False
narrative,0.3534676983286717,217.2242813087126,9,False,False
rich,0.24300904260096173,217.46729035131355,4,False,False
with,0.2956738628241721,217.76296421413772,4,False,False
travel,0.19882558030987788,217.9617897944476,6,False,False
and,0.2931440764331696,218.2549338708808,3,False,False
location,0.27614663931927486,218.53108051020007,8,False,False
names,0.25405490817373294,218.7851354183738,5,False,False
that,0.2956738628241721,219.080809281198,4,False,False
would,0.3645135639014427,219.44532284509944,5,False,False
mark,0.5522932786385497,219.997616123738,4,False,False
the,0.8284399179578246,220.82605604169584,3,False,False
chapters,0.27614663931927486,221.10220268101511,8,False,False
of,0.27614663931927486,221.3783493203344,2,False,False
my,0.3645135639014427,221.74286288423585,2,False,False
story.,0.2651007737465038,222.00796365798234,6,True,False
"Anyway,",0.3106347917052782,222.3185984496876,7,False,True
the,0.2871925048920459,222.60579095457965,3,False,False
point,0.2651007737465038,222.87089172832614,5,False,False
I'm,0.2098714458826489,223.08076317420878,3,False,False
trying,0.2871925048920459,223.36795567910082,6,False,False
to,0.24300904260096173,223.61096472170178,2,False,False
make,0.38660529504698476,223.99757001674877,4,False,False
became,0.30928423603758776,224.30685425278637,6,False,False
clear,0.23196317702819078,224.53881742981454,5,False,False
one,0.24300904260096187,224.7818264724155,3,False,False
summer.,0.2540549081737328,225.03588138058925,7,True,False
My,0.23196317702819078,225.26784455761742,2,False,False
perspective,0.22091731145541987,225.48876186907285,11,False,False
began,0.3424218327559007,225.83118370182873,5,False,False
to,0.4970639507746946,226.32824765260344,2,False,False
shift,0.29820364921517456,226.6264513018186,5,False,False
in,0.2098714458826489,226.83632274770125,2,False,False
ways,0.2956738628241721,227.13199661052542,4,False,False
I,0.2540549081737328,227.38605151869916,1,False,False
hadn't,0.2982383704648168,227.68428988916398,6,False,False
"anticipated,",0.3424218327559008,228.02671172191987,12,False,True
much,0.24300904260096173,228.26972076452083,4,False,False
like,0.8284399179578246,229.09816068247866,4,False,False
the,0.2931440764331696,229.39130475891184,3,False,False
scenery,0.3032632219971797,229.69456798090903,7,False,False
outside,0.25405490817373283,229.94862288908277,7,False,False
a,0.2871925048920459,230.2358153939748,1,False,False
moving,0.33137596718312967,230.56719136115794,6,False,False
train.,0.3534676983286718,230.9206590594866,6,True,False
I,0.4970639507746948,231.4177230102613,1,False,False
even,0.5854308753568627,232.00315388561816,4,False,False
met,0.4197428917652978,232.42289677738347,3,False,False
someone,0.30928423603758787,232.73218101342107,7,False,False
who,0.2931440764331696,233.02532508985425,3,False,False
challenged,0.19882558030987788,233.22415067016414,10,False,False
every,0.27614663931927486,233.50029730948341,5,False,False
preconceived,0.3159121539521923,233.8162094634356,12,False,False
notion,0.3203301016103588,234.13653956504595,6,False,False
I,0.23196317702819086,234.36850274207413,1,False,False
had,0.25405490817373283,234.62255765024787,3,False,False
about,0.27614663931927486,234.89870428956715,5,False,False
what,0.2982383704648168,235.19694266003197,4,False,False
it,0.18777971473710692,235.38472237476907,2,False,False
means,0.4197428917652978,235.80446526653438,5,False,False
to,0.290614290042167,236.09507955657654,2,False,False
truly,0.4197428917652978,236.51482244834185,5,False,False
connect,0.5412474130657788,237.05606986140762,7,False,False
with,0.4639263540563819,237.519996215464,4,False,False
another,0.25405490817373283,237.77405112363775,7,False,False
soul.,0.19882558030987788,237.97287670394763,5,True,False
Their,0.29820364921517456,238.2710803531628,5,False,False
"stories,",0.24300904260096187,238.51408939576376,8,False,True
so,0.33137596718312984,238.8454653629469,2,False,False
vastly,0.3007334356061771,239.1461987985531,6,False,False
different,0.30928423603758787,239.45548303459069,9,False,False
from,0.3755594294742139,239.8310424640649,4,False,False
my,0.44183462291083975,240.27287708697574,2,False,False
"own,",0.22091731145541987,240.49379439843116,4,False,True
were,0.2956738628241721,240.78946826125534,4,False,False
like,0.2209173114554198,241.01038557271076,4,False,False
windows,0.4086970261925268,241.4190825989033,7,False,False
into,0.2956738628241721,241.71475646172746,4,False,False
worlds,0.3007334356061771,242.01548989733365,6,False,False
I,0.3203301016103588,242.335819998944,1,False,False
had,0.2982383704648168,242.63405836940882,3,False,False
never,0.29820364921517456,242.932262018624,5,False,False
considered.,0.5191556819202368,243.45141770054423,11,True,False
"Finally,",0.8284399179578246,244.27985761850206,8,False,True
one,0.24300904260096187,244.52286666110302,3,False,False
"day,",0.23196317702819086,244.7548298381312,4,False,True
during,0.3203301016103588,245.07515993974155,6,False,False
a,0.30928423603758776,245.38444417577915,1,False,False
conversation,0.8284399179578246,246.212884093737,12,False,False
that,0.8284399179578246,247.04132401169483,4,False,False
felt,0.33137596718312984,247.37269997887796,4,False,False
as,0.4639263540563817,247.83662633293434,2,False,False
natural,0.2540549081737328,248.0906812411081,7,False,False
as,0.18777971473710678,248.2784609558452,2,False,False
"breathing,",0.3182241508782857,248.59668510672347,10,False,True
I,0.2651007737465038,248.86178588046997,1,False,False
realized,0.7511188589484276,249.61290473941838,8,False,False
how,0.2982383704648168,249.9111431098832,3,False,False
much,0.37555942947421384,250.2867025393574,4,False,False
I,0.2880845036511645,250.57478704300857,1,False,False
had,0.6296143376479467,251.20440138065652,3,False,False
grown.,0.6075226065024047,251.81192398715893,6,True,False
One,0.24300904260096187,252.0549330297599,3,False,False
evening,0.4086970261925268,252.46363005595242,7,False,False
after,0.3755594294742137,252.83918948542663,5,False,False
a,0.25405490817373283,253.09324439360037,1,False,False
particularly,0.3159121539521923,253.40915654755256,12,False,False
enlightening,0.2098714458826489,253.6190279934352,12,False,False
"discussion,",0.2209173114554198,253.83994530489062,11,False,True
it,0.48601808520192374,254.32596339009254,2,False,False
dawned,0.5522932786385497,254.8782566687311,6,False,False
on,0.290614290042167,255.16887095877325,2,False,False
me,0.23196317702819086,255.40083413580143,2,False,False
that,0.5854308753568627,255.98626501115828,4,False,False
these,0.29820364921517456,256.2844686603735,5,False,False
interactions,0.3159121539521923,256.60038081432566,12,False,False
were,0.18777971473710692,256.7881605290628,4,False,False
not,0.5412474130657787,257.32940794212857,3,False,False
just,0.2098714458826489,257.5392793880112,4,False,False
happenstance;,0.23196317702819086,257.7712425650394,13,False,False
they,0.44183462291083975,258.21307718795026,4,False,False
were,0.4639263540563817,258.6770035420066,4,False,False
signposts,0.29823837046481677,258.97524191247146,9,False,False
guiding,0.33137596718312984,259.3066178796546,7,False,False
me,0.24300904260096187,259.5496269222556,2,False,False
towards,0.3203301016103588,259.86995702386594,7,False,False
a,0.2651007737465038,260.13505779761243,1,False,False
deeper,0.25405490817373283,260.38911270578615,6,False,False
understanding,0.23196317702819086,260.62107588281435,13,False,False
of,0.25405490817373283,260.87513079098807,2,False,False
myself,0.3007334356061771,261.17586422659423,6,False,False
and,0.19882558030987788,261.3746898069041,3,False,False
the,0.2209173114554198,261.5956071183595,3,False,False
bonds,0.24300904260096173,261.8386161609605,5,False,False
we,0.30928423603758776,262.14790039699807,2,False,False
forge,0.29820364921517456,262.44610404621324,5,False,False
with,0.3534676983286717,262.79957174454194,4,False,False
others.,0.39765116061975575,263.1972229051617,7,True,False
As,0.30928423603758776,263.5065071411993,2,False,False
we,0.18777971473710692,263.6942868559364,2,False,False
sat,0.4639263540563817,264.15821320999277,3,False,False
"there,",0.3081050053142756,264.46631821530707,6,False,True
elbows,0.2651007737465038,264.73141898905357,6,False,False
on,0.290614290042167,265.02203327909575,2,False,False
"knees,",0.24300904260096187,265.26504232169674,6,False,True
leaning,0.33137596718312984,265.5964182888799,7,False,False
into,0.33137596718312984,265.927794256063,4,False,False
the,0.24300904260096187,266.170803298664,3,False,False
"conversation,",0.32581351005129333,266.4966168087153,13,False,True
he,0.24300904260096173,266.7396258513163,2,False,False
wraps,0.3755594294742139,267.1151852807905,5,False,False
his,0.27614663931927486,267.3913319201098,3,False,False
arms,0.3534676983286718,267.7447996184385,4,False,False
around,0.30928423603758787,268.05408385447606,6,False,False
himself,0.23196317702819086,268.28604703150427,7,False,False
in,0.2651007737465038,268.55114780525076,2,False,False
a,0.25405490817373283,268.8052027134245,1,False,False
self-embrace,0.22091731145541987,269.0261200248799,12,False,False
that,0.27614663931927486,269.3022666641992,4,False,False
spoke,0.29820364921517456,269.60047031341435,5,False,False
volumes,0.27614663931927486,269.8766169527336,7,False,False
of,0.8284399179578246,270.70505687069146,2,False,False
his,0.3534676983286717,271.05852456902016,3,False,False
journey,0.29823837046481677,271.356762939485,7,False,False
to,0.3755594294742137,271.7323223689592,2,False,False
self-acceptance.,0.3866052950469849,272.1189276640062,16,True,False
The,0.2931440764331696,272.4120717404394,3,False,False
gesture,0.2651007737465038,272.6771725141859,7,False,False
was,0.2931440764331696,272.97031659061906,3,False,False
"intimate,",0.25405490817373283,273.2243714987928,9,False,True
a,0.2098714458826489,273.4342429446754,1,False,False
physical,0.3424218327559008,273.77666477743134,8,False,False
manifestation,0.23196317702819078,274.00862795445954,13,False,False
of,0.24300904260096187,274.25163699706053,2,False,False
his,0.2931440764331696,274.5447810734937,3,False,False
narrative.,0.3049647659684217,274.8497458394621,10,True,False
He,0.290614290042167,275.1403601295043,2,False,False
reached,0.2209173114554198,275.3612774409597,7,False,False
"out,",0.24300904260096173,275.6042864835607,4,False,True
placing,0.3032632219971797,275.90754970555787,7,False,False
a,0.2098714458826489,276.1174211514405,1,False,False
"small,",0.22091731145541987,276.33833846289593,6,False,True
worn-out,0.3203301016103588,276.6586685645063,8,False,False
book,0.2871925048920459,276.94586106939835,4,False,False
into,0.39765116061975575,277.3435122300181,4,False,False
my,0.290614290042167,277.6341265200603,2,False,False
"palm,",0.2982383704648168,277.93236489052515,5,False,True
a,0.3203301016103588,278.2526949921355,1,False,False
token,0.29823837046481677,278.55093336260035,5,False,False
of,0.30928423603758787,278.8602175986379,2,False,False
trust,0.2651007737465038,279.1253183723844,5,False,False
and,0.4197428917652978,279.5450612641497,3,False,False
vulnerability.,0.2209173114554198,279.7659785756051,14,True,False
I,0.23196317702819078,279.9979417526333,1,False,False
accepted,0.5302015474930076,280.5281433001263,8,False,False
"it,",0.5081098163474657,281.0362531164738,3,False,True
sliding,0.2651007737465038,281.3013538902203,7,False,False
my,0.290614290042167,281.5919681802625,2,False,False
hands,0.25405490817373283,281.8460230884362,5,False,False
into,0.33137596718312984,282.17739905561933,4,False,False
my,0.290614290042167,282.4680133456615,2,False,False
lap,0.2651007737465038,282.733114119408,3,False,False
to,0.4749722196291528,283.20808633903715,2,False,False
examine,0.2098714458826489,283.4179577849198,7,False,False
the,0.19882558030987788,283.61678336522965,3,False,False
gift,0.19882558030987788,283.8156089455395,4,False,False
more,0.19882558030987788,284.01443452584937,4,False,False
closely.,0.18777971473710678,284.2022142405865,8,True,False
His,0.2982383704648168,284.50045261105134,3,False,False
hands,0.3203301016103588,284.8207827126617,5,False,False
folded,0.3534676983286717,285.1742504109904,6,False,False
in,0.47497221962915265,285.64922263061953,2,False,False
front,0.2761466393192747,285.9253692699388,5,False,False
of,0.22091731145541987,286.14628658139424,2,False,False
"him,",0.3424218327559008,286.48870841415015,4,False,True
he,0.25405490817373294,286.74276332232387,2,False,False
watched,0.3032632219971797,287.046026544321,7,False,False
my,0.290614290042167,287.3366408343632,2,False,False
reaction,0.5302015474930076,287.8668423818562,8,False,False
"closely,",0.6185684720751757,288.4854108539314,8,False,True
his,0.2871925048920459,288.77260335882346,3,False,False
eyes,0.2956738628241721,289.06827722164763,4,False,False
reflecting,0.31085258117018727,289.37912980281783,10,False,False
a,0.23196317702819086,289.61109297984603,1,False,False
mix,0.25405490817373283,289.86514788801975,3,False,False
of,0.30928423603758787,290.1744321240573,2,False,False
anticipation,0.6185684720751757,290.7930005961325,12,False,False
and,0.5633391442113207,291.35633974034386,3,False,False
courage.,0.2982383704648168,291.6545781108087,8,True,False
It,0.4086970261925268,292.0632751370012,2,False,False
was,0.39765116061975575,292.460926297621,3,False,False
a,0.24300904260096187,292.70393534022196,1,False,False
moment,0.3007334356061771,293.0046687758281,6,False,False
of,0.23196317702819086,293.2366319528563,2,False,False
silent,0.47497221962915276,293.71160417248547,6,False,False
"understanding,",0.38660529504698476,294.09820946753246,14,False,True
our,0.33137596718312984,294.4295854347156,3,False,False
body,0.3424218327559008,294.7720072674715,4,False,False
language,0.3645135639014427,295.13652083137293,8,False,False
weaving,0.23196317702819086,295.36848400840114,7,False,False
a,0.2761466393192747,295.6446306477204,1,False,False
story,0.29820364921517456,295.9428342969356,5,False,False
of,0.290614290042167,296.2334485869778,2,False,False
mutual,0.27614663931927486,296.50959522629705,6,False,False
respect,0.23196317702819086,296.74155840332526,7,False,False
and,0.2931440764331696,297.03470247975844,3,False,False
empathy,0.3032632219971797,297.3379657017556,7,False,False
that,0.2956738628241721,297.63363956457977,4,False,False
words,0.2651007737465038,297.89874033832626,5,False,False
could,0.38660529504698476,298.28534563337325,5,False,False
only,0.20987144588264878,298.4952170792559,4,False,False
attempt,0.3032632219971797,298.79848030125305,7,False,False
to,0.3203301016103588,299.1188104028634,2,False,False
capture.,0.30928423603758787,299.428094638901,8,True,False
In,0.38660529504698476,299.81469993394796,2,False,False
an,0.2871925048920459,300.10189243884,2,False,False
"alcove,",0.25405490817373283,300.35594734701374,7,False,True
tucked,0.3007334356061771,300.6566807826199,6,False,False
away,0.3203301016103588,300.97701088423025,4,False,False
from,0.2956738628241721,301.2726847470544,4,False,False
the,0.19882558030987788,301.4715103273643,3,False,False
bustling,0.23196317702819086,301.7034735043925,8,False,False
main,0.3203301016103588,302.02380360600284,4,False,False
"areas,",0.5191556819202368,302.54295928792305,6,False,True
we,0.1988255803098778,302.7417848682329,2,False,False
found,0.37555942947421384,303.1173442977071,5,False,False
a,0.4528804884836107,303.57022478619075,1,False,False
quiet,0.29820364921517456,303.8684284354059,5,False,False
spot,0.23196317702819078,304.1003916124341,4,False,False
that,0.2956738628241721,304.3960654752583,4,False,False
felt,0.4639263540563817,304.85999182931465,4,False,False
worlds,0.5081098163474657,305.36810164566214,6,False,False
apart,0.24300904260096187,305.6111106882631,5,False,False
from,0.36451356390144285,305.97562425216455,4,False,False
anywhere,0.4197428917652978,306.39536714392983,8,False,False
else.,0.19882558030987788,306.5941927242397,5,True,False
"There,",0.24300904260096187,306.8372017668407,6,False,True
on,0.3755594294742139,307.2127611963149,2,False,False
the,0.4639263540563817,307.67668755037124,3,False,False
"windowsill,",0.25405490817373283,307.93074245854496,11,False,True
a,0.2651007737465038,308.19584323229145,1,False,False
single,0.2651007737465038,308.46094400603795,6,False,False
plant,0.19882558030987788,308.6597695863478,5,False,False
"thrived,",0.3131645780962807,308.9729341644441,8,False,True
its,0.23196317702819086,309.2048973414723,3,False,False
leaves,0.24300904260096187,309.4479063840733,6,False,False
reaching,0.23196317702819086,309.6798695611015,8,False,False
towards,0.2871925048920459,309.96706206599356,7,False,False
the,0.2931440764331696,310.26020614242674,3,False,False
sliver,0.24300904260096187,310.5032151850277,6,False,False
of,0.36451356390144285,310.86772874892915,2,False,False
sunlight,0.18777971473710692,311.0555084636663,8,False,False
that,0.39765116061975575,311.45315962428606,4,False,False
found,0.5854308753568626,312.0385904996429,5,False,False
its,0.19882558030987788,312.23741607995277,3,False,False
way,0.23196317702819086,312.469379256981,3,False,False
in.,0.44183462291083975,312.9112138798918,3,True,False
This,0.47497221962915276,313.38618609952096,4,False,False
small,0.2761466393192747,313.66233273884023,5,False,False
scene,0.18777971473710692,313.85011245357737,5,False,False
of,0.2982383704648168,314.1483508240422,2,False,False
resilience,0.31085258117018727,314.4592034052124,10,False,False
amidst,0.22091731145541987,314.68012071666783,6,False,False
the,0.3976511606197557,315.0777718772876,3,False,False
shadows,0.3032632219971797,315.38103509928476,7,False,False
resonated,0.38660529504698476,315.76764039433175,9,False,False
deeply,0.37555942947421384,316.14319982380596,6,False,False
with,0.24300904260096173,316.38620886640695,4,False,False
me.,0.28725626123140396,316.67346512763834,3,True,False
"Later,",0.47497221962915276,317.1484373472675,6,False,True
we,0.38660529504698476,317.53504264231447,2,False,False
moved,0.19882558030987788,317.7338682226243,5,False,False
to,0.2871925048920459,318.0210607275164,2,False,False
a,0.24300904260096173,318.2640697701174,1,False,False
"courtyard,",0.3182241508782857,318.58229392099565,10,False,True
an,0.18777971473710678,318.7700736357328,2,False,False
open,0.2956738628241721,319.06574749855696,4,False,False
space,0.24300904260096187,319.30875654115795,5,False,False
surrounded,0.3203301016103588,319.6290866427683,10,False,False
by,0.27614663931927486,319.9052332820876,2,False,False
high,0.2209173114554198,320.126150593543,4,False,False
walls,0.2098714458826489,320.33602203942564,5,False,False
that,0.8284399179578246,321.1644619573835,4,False,False
echoed,0.4197428917652978,321.58420484914876,6,False,False
with,0.3534676983286718,321.93767254747746,4,False,False
the,0.23196317702819086,322.16963572450567,3,False,False
faint,0.36451356390144285,322.5341492884071,5,False,False
sounds,0.44183462291083975,322.97598391131794,6,False,False
of,0.290614290042167,323.2665982013601,2,False,False
life,0.3755594294742137,323.64215763083433,4,False,False
from,0.2098714458826489,323.852029076717,4,False,False
beyond.,0.23196317702819086,324.0839922537452,7,True,False
In,0.290614290042167,324.37460654378737,2,False,False
the,0.2871925048920459,324.6617990486794,3,False,False
"courtyard,",0.3424218327559007,325.00422088143534,10,False,True
the,0.2982383704648168,325.3024592519002,3,False,False
contrast,0.3057930083881822,325.6082522602884,8,False,False
between,0.38660529504698476,325.9948575553354,7,False,False
the,0.2982383704648168,326.29309592580023,3,False,False
open,0.2956738628241721,326.5887697886244,4,False,False
sky,0.26510077374650376,326.8538705623709,3,False,False
and,0.30928423603758787,327.16315479840847,3,False,False
the,0.8284399179578246,327.9915947163663,3,False,False
enclosed,0.3057930083881822,328.2973877247545,8,False,False
space,0.3645135639014427,328.66190128865594,5,False,False
mirrored,0.5854308753568627,329.2473321640128,8,False,False
the,0.22091731145541987,329.4682494754682,3,False,False
complexities,0.27614663931927486,329.7443961147875,12,False,False
of,0.24300904260096173,329.9874051573885,2,False,False
our,0.33137596718312984,330.3187811245716,3,False,False
own,0.3203301016103588,330.63911122618197,3,False,False
inner,0.30928423603758787,330.94839546221954,5,False,False
landscapes.,0.18777971473710678,331.13617517695667,11,True,False
One,0.2931440764331696,331.42931925338985,3,False,False
"afternoon,",0.3534676983286718,331.78278695171855,10,False,True
seeking,0.8284399179578246,332.6112268696764,7,False,False
a,0.2880845036511645,332.8993113733276,1,False,False
change,0.2540549081737328,333.1533662815013,6,False,False
of,0.44183462291083975,333.59520090441214,2,False,False
"scenery,",0.3131645780962807,333.90836548250843,8,False,True
we,0.2651007737465038,334.1734662562549,2,False,False
ventured,0.30928423603758787,334.4827504922925,8,False,False
into,0.28719250489204573,334.76994299718456,4,False,False
the,0.23196317702819086,335.00190617421276,3,False,False
copier,0.37555942947421384,335.37746560368697,6,False,False
"room,",0.37555942947421384,335.7530250331612,5,False,True
a,0.33137596718312984,336.0844010003443,1,False,False
place,0.29820364921517456,336.3826046495595,5,False,False
usually,0.3032632219971797,336.68586787155664,7,False,False
bustling,0.3057930083881822,336.99166087994485,8,False,False
with,0.3424218327559008,337.33408271270076,4,False,False
activity,0.4086970261925268,337.74277973889326,8,False,False
but,0.36451356390144285,338.1072933027947,3,False,False
now,0.23196317702819086,338.3392564798229,3,False,False
deserted,0.2651007737465038,338.6043572535694,8,False,False
and,0.3755594294742137,338.9799166830436,3,False,False
silent.,0.2973754067954141,339.277292089839,7,True,False
The,0.2931440764331696,339.5704361662722,3,False,False
hum,0.2931440764331696,339.8635802427054,3,False,False
of,0.290614290042167,340.15419453274757,2,False,False
machinery,0.36451356390144285,340.518708096649,9,False,False
and,0.4307887573380688,340.94949685398706,3,False,False
the,0.6958895310845727,341.6453863850716,3,False,False
scent,0.38660529504698476,342.0319916801186,5,False,False
of,0.43078875733806865,342.4627804374567,2,False,False
toner,0.29820364921517456,342.76098408667184,5,False,False
in,0.5412474130657787,343.3022314997376,2,False,False
the,0.2931440764331696,343.5953755761708,3,False,False
air,0.37555942947421384,343.970935005645,3,False,False
created,0.2651007737465038,344.2360357793915,7,False,False
an,0.33137596718312984,344.56741174657463,2,False,False
unexpectedly,0.5412474130657786,345.1086591596404,12,False,False
comforting,0.31085258117018727,345.4195117408106,10,False,False
backdrop,0.33137596718312967,345.75088770799374,8,False,False
for,0.2931440764331696,346.0440317844269,3,False,False
our,0.2931440764331696,346.3371758608601,3,False,False
conversation.,0.47497221962915265,346.81214808048924,13,True,False
Each,0.27614663931927486,347.0882947198085,4,False,False
"setting,",0.19882558030987788,347.2871203001184,8,False,True
with,0.2956738628241721,347.58279416294255,4,False,False
its,0.36451356390144285,347.947307726844,3,False,False
unique,0.3007334356061771,348.24804116245014,6,False,False
atmosphere,0.2651007737465038,348.51314193619663,10,False,False
and,0.2931440764331696,348.8062860126298,3,False,False
"character,",0.2209173114554198,349.02720332408524,10,False,True
framed,0.4860180852019237,349.51322140928715,6,False,False
our,0.5081098163474657,350.02133122563464,3,False,False
interactions,0.2982383704648169,350.3195695960995,12,False,False
and,0.2540549081737328,350.5736245042732,3,False,False
deepened,0.4197428917652978,350.9933673960385,8,False,False
our,0.3424218327559008,351.3357892287944,3,False,False
connection.,0.3074945523594242,351.6432837811538,11,True,False
"""Said",0.24300904260096173,351.8862928237548,5,False,False
"no,",0.2871925048920459,352.17348532864685,3,False,True
I,0.4307887573380688,352.6042740859849,1,False,False
couldn't,0.37555942947421384,352.9798335154591,8,False,False
possibly,0.5633391442113207,353.54317265967046,8,False,False
accept,0.3534676983286718,353.89664035799916,6,False,False
"that,""",0.18777971473710678,354.0844200727363,6,False,False
I,0.3424218327559008,354.4268419054922,1,False,False
protested,0.30832279477918473,354.7351647002714,9,False,False
when,0.30928423603758787,355.044448936309,4,False,False
he,0.2871925048920459,355.33164144120104,2,False,False
offered,0.3534676983286718,355.68510913952974,7,False,False
me,0.2540549081737328,355.93916404770346,2,False,False
a,0.5302015474930076,356.46936559519645,1,False,False
cherished,0.4197428917652978,356.88910848696173,9,False,False
keepsake,0.3057930083881822,357.19490149534994,8,False,False
from,0.2540549081737328,357.44895640352365,4,False,False
his,0.25405490817373283,357.70301131169737,3,False,False
collection.,0.24300904260096187,357.94602035429835,11,True,False
He,0.5743850097840918,358.5204053640824,2,False,False
simply,0.2982383704648168,358.81864373454727,6,False,False
"smiled,",0.3106347917052782,359.12927852625256,7,False,True
a,0.18777971473710692,359.3170582409897,1,False,False
gentle,0.4086970261925268,359.7257552671822,6,False,False
insistence,0.31085258117018727,360.0366078483524,10,False,False
in,0.290614290042167,360.3272221383946,2,False,False
his,0.18777971473710692,360.5150018531317,3,False,False
"eyes,",0.3055752189232731,360.82057707205496,5,False,True
and,0.2931440764331696,361.11372114848814,3,False,False
"said,",0.3055752189232731,361.4192963674114,5,False,True
"""Excuse",0.3032632219971797,361.72255958940855,7,False,False
me,0.22091731145541987,361.94347690086397,2,False,False
for,0.2982383704648168,362.2417152713288,3,False,False
being,0.29820364921517456,362.539918920544,5,False,False
"forward,",0.48601808520192374,363.0259370057459,8,False,True
but,0.18777971473710678,363.21371672048303,3,False,False
I,0.3645135639014427,363.57823028438446,1,False,False
think,0.29820364921517456,363.8764339335996,5,False,False
you'll,0.19882558030987788,364.0752595139095,6,False,False
give,0.2982383704648168,364.37349788437433,4,False,False
it,0.29823837046481677,364.6717362548392,2,False,False
a,0.4528804884836107,365.1246167433228,1,False,False
good,0.2956738628241721,365.420290606147,4,False,False
"home.""",0.3203301016103588,365.74062070775733,6,False,False
Overwhelmed,0.1988255803098778,365.9394462880672,11,False,False
by,0.18777971473710678,366.1272260028043,2,False,False
his,0.25405490817373283,366.38128091097803,3,False,False
"generosity,",0.2982383704648168,366.6795192814429,11,False,True
I,0.4418346229108397,367.1213539043537,1,False,False
just,0.4197428917652978,367.541096796119,4,False,False
nodded,0.7290271278028855,368.2701239239219,6,False,False
"yes,",0.33137596718312984,368.60149989110505,4,False,True
unable,0.2209173114554198,368.8224172025605,6,False,False
to,0.290614290042167,369.11303149260266,2,False,False
find,0.1988255803098778,369.3118570729125,4,False,False
the,0.2931440764331696,369.6050011493457,3,False,False
words,0.8284399179578246,370.43344106730353,5,False,False
to,0.290614290042167,370.7240553573457,2,False,False
express,0.6627519343662597,371.386807291712,7,False,False
my,0.290614290042167,371.6774215817542,2,False,False
gratitude.,0.5191556819202369,372.1965772636744,10,True,False
"Later,",0.3081050053142756,372.5046822689887,6,False,True
as,0.290614290042167,372.7952965590309,2,False,False
we,0.4860180852019237,373.2813146442328,2,False,False
were,0.7842564556667405,374.06557109989956,4,False,False
deep,0.3755594294742139,374.44113052937377,4,False,False
in,0.1988255803098778,374.6399561096836,2,False,False
"conversation,",0.18777971473710678,374.82773582442076,13,False,True
a,0.19882558030987788,375.0265614047306,1,False,False
sudden,0.2982383704648168,375.32479977519546,6,False,False
interruption,0.3645135639014427,375.6893133390969,12,False,False
came.,0.36451356390144285,376.0538269029983,5,True,False
"""Hurry!""",0.18777971473710678,376.24160661773544,8,False,False
she,0.22091731145541987,376.46252392919087,3,False,False
"exclaimed,",0.23196317702819078,376.69448710621907,10,False,True
bursting,0.4197428917652978,377.11422999798435,8,False,False
into,0.2871925048920459,377.4014225028764,4,False,False
the,0.2931440764331696,377.6945665793096,3,False,False
room,0.30928423603758787,378.00385081534716,4,False,False
with,0.3755594294742137,378.3794102448214,4,False,False
an,0.4307887573380688,378.81019900215944,2,False,False
urgency,0.24300904260096187,379.0532080447604,7,False,False
that,0.2651007737465038,379.3183088185069,4,False,False
caught,0.3007334356061771,379.6190422541131,6,False,False
us,0.2761466393192747,379.89518889343236,2,False,False
both,0.3755594294742137,380.27074832290657,4,False,False
off,0.24300904260096187,380.51375736550756,3,False,False
guard.,0.47497221962915276,380.9887295851367,6,True,False
My,0.18777971473710692,381.1765092998738,2,False,False
immediate,0.4418346229108397,381.6183439227847,9,False,False
response,0.27614663931927486,381.89449056210395,8,False,False
"was,",0.30304543253227056,382.1975359946362,4,False,True
"""Nah,",0.39765116061975575,382.595187155256,5,False,True
we're,0.2540549081737328,382.8492420634297,5,False,False
fine,0.2956738628241721,383.1449159262539,4,False,False
"here,""",0.4086970261925268,383.5536129524464,6,False,False
wanting,0.4639263540563817,384.0175393065027,7,False,False
to,0.2761466393192747,384.293685945822,2,False,False
protect,0.2098714458826489,384.50355739170465,7,False,False
the,0.2098714458826489,384.7134288375873,3,False,False
sanctity,0.33137596718312984,385.0448048047704,8,False,False
of,0.8173940523850536,385.8621988571555,2,False,False
our,0.4639263540563816,386.32612521121183,3,False,False
discussion.,0.1988255803098778,386.5249507915217,11,True,False
But,0.19882558030987788,386.72377637183155,3,False,False
her,0.36451356390144285,387.088289935733,3,False,False
insistence,0.3645135639014427,387.4528034996344,10,False,False
pulled,0.2982383704648168,387.75104187009924,6,False,False
us,0.20987144588264878,387.9609133159819,2,False,False
back,0.2098714458826489,388.1707847618645,4,False,False
to,0.3645135639014427,388.53529832576595,2,False,False
"reality,",0.36451356390144285,388.8998118896674,8,False,True
reminding,0.2982383704648168,389.1980502601322,9,False,False
us,0.8284399179578246,390.02649017809006,2,False,False
of,0.290614290042167,390.31710446813224,2,False,False
the,0.27614663931927486,390.5932511074515,3,False,False
world,0.3755594294742139,390.96881053692573,5,False,False
outside,0.3032632219971797,391.2720737589229,7,False,False
our,0.2931440764331696,391.56521783535607,3,False,False
bubble,0.3007334356061771,391.8659512709622,6,False,False
of,0.3424218327559008,392.20837310371815,2,False,False
shared,0.20987144588264878,392.4182445496008,6,False,False
stories,0.3032632219971797,392.72150777159794,7,False,False
and,0.2651007737465038,392.98660854534444,3,False,False
silent,0.6075226065024047,393.59413115184685,6,False,False
understandings.,0.3176136979234343,393.9117448497703,15,True,False
And,0.44183462291083975,394.35357947268113,3,False,False
behind,0.18777971473710678,394.54135918741827,6,False,False
"me,",0.2098714458826489,394.7512306333009,3,False,True
the,0.23196317702819086,394.9831938103291,3,False,False
door,0.2956738628241721,395.2788676731533,4,False,False
clicked,0.4307887573380688,395.70965643049135,7,False,False
shut,0.5081098163474657,396.21776624683883,4,False,False
with,0.2098714458826489,396.4276376927215,4,False,False
a,0.2540549081737328,396.6816926008952,1,False,False
soft,0.2871925048920459,396.96888510578725,4,False,False
"finality,",0.2651007737465038,397.23398587953375,9,False,True
sealing,0.20987144588264878,397.4438573254164,7,False,False
off,0.2931440764331696,397.73700140184957,3,False,False
the,0.2651007737465038,398.00210217559606,3,False,False
world,0.3534676983286717,398.35556987392476,5,False,False
we,0.19882558030987788,398.5543954542346,2,False,False
had,0.2098714458826489,398.76426690011726,3,False,False
momentarily,0.3755594294742139,399.1398263295915,11,False,False
created.,0.41974289176529767,399.55956922135675,8,True,False
I,0.2880845036511645,399.84765372500794,1,False,False
turned,0.27614663931927486,400.1238003643272,6,False,False
to,0.5522932786385497,400.6760936429658,2,False,False
face,0.22091731145541987,400.8970109544212,4,False,False
the,0.2931440764331696,401.1901550308544,3,False,False
new,0.19882558030987788,401.38898061116424,3,False,False
scene,0.29820364921517456,401.6871842603794,5,False,False
before,0.27614663931927486,401.9633308996987,6,False,False
"me,",0.4528804884836107,402.4162113881823,3,False,True
a,0.22091731145541987,402.63712869963774,1,False,False
stark,0.29820364921517456,402.9353323488529,5,False,False
contrast,0.19882558030987788,403.13415792916277,8,False,False
to,0.4639263540563816,403.5980842832191,2,False,False
the,0.27614663931927486,403.8742309225384,3,False,False
intimate,0.24300904260096187,404.1172399651394,8,False,False
space,0.26510077374650376,404.3823407388859,5,False,False
we,0.4639263540563817,404.84626709294224,2,False,False
had,0.3976511606197557,405.243918253562,3,False,False
left.,0.292315834013409,405.53623408757545,5,True,False
The,0.36451356390144285,405.9007476514769,3,False,False
southern,0.25405490817373283,406.1548025596506,8,False,False
shore,0.29820364921517456,406.45300620886576,5,False,False
of,0.22091731145541987,406.6739235203212,2,False,False
the,0.3755594294742139,407.0494829497954,3,False,False
vast,0.2956738628241721,407.34515681261956,4,False,False
expanse,0.18777971473710678,407.5329365273567,7,False,False
stretched,0.2540549081737328,407.7869914355304,9,False,False
"out,",0.27614663931927486,408.0631380748497,4,False,True
its,0.2540549081737328,408.3171929830234,3,False,False
waters,0.30928423603758776,408.626477219061,6,False,False
shimmering,0.44183462291083975,409.0683118419718,10,False,False
under,0.29820364921517456,409.366515491187,5,False,False
the,0.33137596718312984,409.6978914583701,3,False,False
caress,0.3534676983286718,410.0513591566988,6,False,False
of,0.23196317702819086,410.283322333727,2,False,False
the,0.2871925048920459,410.5705148386191,3,False,False
setting,0.2982383704648168,410.86875320908393,7,False,False
sun.,0.18777971473710692,411.05653292382107,4,True,False
The,0.30928423603758787,411.36581715985864,3,False,False
light,0.29820364921517456,411.6640208090738,5,False,False
danced,0.22091731145541987,411.8849381205292,6,False,False
across,0.4197428917652978,412.3046810122945,6,False,False
the,0.2651007737465038,412.569781786041,3,False,False
"surface,",0.4528804884836107,413.02266227452463,8,False,True
casting,0.5522932786385496,413.5749555531632,7,False,False
a,0.39765116061975575,413.97260671378297,1,False,False
golden,0.23196317702819086,414.2045698908112,6,False,False
path,0.27614663931927486,414.48071653013045,4,False,False
that,0.2651007737465038,414.74581730387695,4,False,False
jutted,0.3424218327559008,415.08823913663286,6,False,False
into,0.37555942947421384,415.4637985661071,4,False,False
the,0.2931440764331696,415.75694264254025,3,False,False
horizon.,0.2871925048920459,416.0441351474323,8,True,False
I,0.37555942947421384,416.4196945769065,1,False,False
looked,0.41974289176529767,416.8394374686718,6,False,False
across,0.3976511606197559,417.2370886292916,6,False,False
this,0.18777971473710678,417.4248683440287,4,False,False
magnificent,0.3424218327559007,417.7672901767846,11,False,False
"view,",0.3055752189232731,418.0728653957079,5,False,True
feeling,0.2982383704648168,418.3711037661727,7,False,False
a,0.30928423603758787,418.6803880022103,1,False,False
sense,0.29820364921517456,418.97859165142546,5,False,False
of,0.19882558030987788,419.1774172317353,2,False,False
awe,0.2651007737465038,419.4425180054818,3,False,False
at,0.41974289176529767,419.8622608972471,2,False,False
the,0.23196317702819086,420.0942240742753,3,False,False
natural,0.24300904260096187,420.3372331168763,7,False,False
beauty,0.23196317702819078,420.5691962939045,6,False,False
unfolding,0.2982383704648168,420.86743466436934,9,False,False
before,0.3534676983286717,421.22090236269804,6,False,False
my,0.48601808520192374,421.70692044789996,2,False,False
eyes.,0.3534676983286718,422.06038814622866,5,True,False
The,0.2931440764331696,422.35353222266184,3,False,False
path,0.4418346229108397,422.7953668455727,4,False,False
"ahead,",0.5743850097840918,423.36975185535675,6,False,True
lined,0.29820364921517456,423.6679555045719,5,False,False
with,0.2956738628241721,423.9636293673961,4,False,False
ancient,0.2098714458826489,424.17350081327874,7,False,False
stones,0.3007334356061771,424.4742342488849,6,False,False
worn,0.2651007737465038,424.7393350226314,4,False,False
smooth,0.30928423603758787,425.04861925866896,6,False,False
by,0.290614290042167,425.33923354871115,2,False,False
countless,0.2871925048920459,425.6264260536032,9,False,False
"footsteps,",0.4970639507746948,426.1234900043779,10,False,True
invited,0.22091731145541987,426.34440731583334,7,False,False
me,0.27614663931927486,426.6205539551526,2,False,False
to,0.290614290042167,426.9111682451948,2,False,False
explore,0.3032632219971797,427.21443146719196,7,False,False
further.,0.29823837046481677,427.5126698376568,8,True,False
Each,0.5743850097840918,428.08705484744087,4,False,False
element,0.30928423603758787,428.39633908347844,7,False,False
of,0.30928423603758776,428.705623319516,2,False,False
the,0.18777971473710692,428.89340303425314,3,False,False
"scene,",0.3081050053142756,429.20150803956744,6,False,True
from,0.2098714458826489,429.4113794854501,4,False,False
the,0.4086970261925268,429.8200765116426,3,False,False
majestic,0.30928423603758787,430.12936074768015,8,False,False
expanse,0.3203301016103588,430.4496908492905,7,False,False
of,0.4307887573380688,430.88047960662857,2,False,False
water,0.3203301016103588,431.2008097082389,5,False,False
to,0.2098714458826489,431.41068115412156,2,False,False
the,0.3534676983286718,431.76414885245026,3,False,False
inviting,0.3203301016103588,432.0844789540606,8,False,False
"path,",0.18777971473710692,432.27225866879775,5,False,True
was,0.3203301016103588,432.5925887704081,3,False,False
imbued,0.3007334356061771,432.89332220601426,6,False,False
with,0.18777971473710678,433.0811019207514,4,False,False
a,0.19882558030987788,433.27992750106125,1,False,False
sense,0.27614663931927486,433.55607414038053,5,False,False
of,0.2098714458826489,433.7659455862632,2,False,False
possibility,0.2540549081737328,434.0200004944369,11,False,False
and,0.29823837046481677,434.31823886490173,3,False,False
"wonder,",0.3106347917052782,434.628873656607,7,False,True
urging,0.3007334356061771,434.9296070922132,6,False,False
me,0.2982383704648168,435.22784546267803,2,False,False
to,0.3645135639014427,435.59235902657946,2,False,False
step,0.2956738628241721,435.88803288940363,4,False,False
forward,0.2871925048920459,436.1752253942957,7,False,False
into,0.20987144588264878,436.38509684017833,4,False,False
the,0.3534676983286717,436.73856453850703,3,False,False
unknown.,0.4307887573380688,437.1693532958451,8,True,False
As,0.20987144588264878,437.37922474172774,2,False,False
the,0.2931440764331696,437.6723688181609,3,False,False
day,0.25405490817373283,437.92642372633463,3,False,False
waned,0.4970639507746948,438.42348767710934,5,False,False
and,0.4528804884836107,438.87636816559296,3,False,False
hunger,0.2098714458826489,439.0862396114756,6,False,False
set,0.20987144588264878,439.29611105735825,3,False,False
"in,",0.36451356390144285,439.6606246212597,3,False,True
we,0.3755594294742137,440.0361840507339,2,False,False
stumbled,0.2209173114554198,440.2571013621893,8,False,False
upon,0.38660529504698476,440.6437066572363,4,False,False
a,0.5522932786385497,441.19599993587485,1,False,False
box,0.5522932786385497,441.7482932145134,3,False,False
of,0.2209173114554198,441.96921052596883,2,False,False
discarded,0.18777971473710692,442.15699024070597,9,False,False
items,0.2651007737465038,442.42209101445246,5,False,False
from,0.24300904260096173,442.66510005705345,4,False,False
our,0.2931440764331696,442.95824413348663,3,False,False
dishwasher's,0.3424218327559008,443.30066596624255,12,False,False
last,0.3203301016103588,443.6209960678529,4,False,False
clean-out.,0.2761466393192747,443.8971427071722,10,True,False
Among,0.29820364921517456,444.19534635638735,5,False,False
the,0.2651007737465038,444.46044713013384,3,False,False
contents,0.24300904260096173,444.70345617273483,8,False,False
were,0.48601808520192374,445.18947425793675,4,False,False
those,0.5302015474930076,445.71967580542974,5,False,False
plastic,0.3755594294742137,446.09523523490395,7,False,False
"containers,",0.2098714458826489,446.3051066807866,11,False,True
once,0.2956738628241721,446.60078054361077,4,False,False
hopeful,0.36451356390144285,446.9652941075122,7,False,False
keepers,0.23196317702819078,447.1972572845404,7,False,False
of,0.290614290042167,447.4878715745826,2,False,False
"meals,",0.2651007737465038,447.7529723483291,6,False,True
now,0.33137596718312995,448.0843483155122,3,False,False
holding,0.4307887573380688,448.5151370728503,7,False,False
nothing,0.3755594294742137,448.8906965023245,7,False,False
but,0.3534676983286717,449.2441642006532,3,False,False
the,0.2931440764331696,449.53730827708637,3,False,False
remnants,0.3534676983286718,449.89077597541507,8,False,False
of,0.2651007737465038,450.15587674916156,2,False,False
forgotten,0.27614663931927486,450.43202338848084,9,False,False
feasts,0.2651007737465038,450.69712416222734,6,False,False
turned,0.2982383704648168,450.9953625326922,6,False,False
foul.,0.7621647245211985,451.7575272572134,5,True,False
We,0.290614290042167,452.04814154725557,2,False,False
grimaced,0.30928423603758787,452.35742578329314,8,False,False
at,0.4639263540563817,452.8213521373495,2,False,False
the,0.4418346229108397,453.26318676026034,3,False,False
"sight,",0.3081050053142756,453.57129176557464,6,False,True
our,0.23196317702819078,453.80325494260285,3,False,False
appetites,0.30832279477918473,454.11157773738205,9,False,False
recoiling,0.19882558030987788,454.3104033176919,9,False,False
at,0.2982383704648168,454.60864168815675,2,False,False
the,0.3203301016103588,454.9289717897671,3,False,False
mishmash,0.33137596718312984,455.26034775695024,8,False,False
of,0.4970639507746948,455.75741170772494,2,False,False
colors,0.30928423603758787,456.0666959437625,6,False,False
and,0.3645135639014427,456.43120950766394,3,False,False
textures,0.22091731145541987,456.65212681911936,8,False,False
that,0.3424218327559008,456.9945486518753,4,False,False
no,0.2982383704648168,457.2927870223401,2,False,False
longer,0.2982383704648168,457.59102539280497,6,False,False
resembled,0.2651007737465038,457.85612616655146,9,False,False
food.,0.3424218327559008,458.1985479993074,5,True,False
In,0.39765116061975575,458.59619915992715,2,False,False
sugar,0.2871925048920459,458.8833916648192,5,False,False
"jars,",0.3055752189232731,459.18896688374247,5,False,True
where,0.5081098163474657,459.69707670008995,5,False,False
sweetness,0.6517060687934886,460.34878276888344,9,False,False
was,0.23196317702819086,460.58074594591164,3,False,False
expected,0.3057930083881822,460.88653895429985,8,False,False
to,0.18777971473710692,461.074318669037,2,False,False
"reside,",0.18777971473710692,461.2620983837741,7,False,True
we,0.18777971473710678,461.44987809851125,2,False,False
found,0.29820364921517456,461.7480817477264,5,False,False
instead,0.18777971473710678,461.93586146246355,7,False,False
a,0.27614663931927486,462.2120081017828,1,False,False
colony,0.20987144588264878,462.42187954766547,6,False,False
of,0.29823837046481677,462.7201179181303,2,False,False
ants,0.2982383704648168,463.01835628859516,4,False,False
feasting,0.5743850097840918,463.5927412983792,8,False,False
on,0.290614290042167,463.8833555884214,2,False,False
the,0.2931440764331696,464.1764996648546,3,False,False
"granules,",0.31569436448728316,464.4921940293419,9,False,True
turning,0.2982383704648168,464.7904323998067,7,False,False
what,0.3424218327559008,465.13285423256264,4,False,False
was,0.2931440764331696,465.4259983089958,3,False,False
meant,0.22091731145541987,465.64691562045124,5,False,False
to,0.3203301016103588,465.9672457220616,2,False,False
be,0.3092842360375879,466.27652995809916,2,False,False
a,0.22091731145541987,466.4974472695546,1,False,False
treat,0.2098714458826489,466.7073187154372,5,False,False
into,0.30928423603758787,467.0166029514748,4,False,False
a,0.4086970261925269,467.4252999776673,1,False,False
spectacle,0.33137596718312984,467.75667594485043,9,False,False
of,0.2651007737465038,468.0217767185969,2,False,False
disgust.,0.3534676983286718,468.3752444169256,8,True,False
And,0.2098714458826489,468.58511586280827,3,False,False
then,0.30928423603758787,468.89440009884584,4,False,False
there,0.2540549081737328,469.14845500701955,5,False,False
was,0.3534676983286718,469.50192270534825,3,False,False
that,0.2098714458826489,469.7117941512309,4,False,False
garbage,0.25405490817373283,469.9658490594046,7,False,False
"bag,",0.5191556819202368,470.4850047413248,4,False,True
left,0.2956738628241721,470.780678604149,4,False,False
out,0.6075226065024047,471.3882012106514,3,False,False
perhaps,0.44183462291083975,471.83003583356225,7,False,False
a,0.4860180852019237,472.31605391876417,1,False,False
bit,0.29823837046481677,472.614292289229,3,False,False
too,0.2931440764331696,472.9074363656622,3,False,False
"long,",0.3203301016103588,473.22776646727255,5,False,True
emitting,0.3424218327559007,473.57018830002846,8,False,False
odors,0.29820364921517456,473.86839194924363,5,False,False
that,0.3203301016103588,474.188722050854,4,False,False
spoke,0.27614663931927486,474.46486869017326,5,False,False
volumes,0.27614663931927486,474.74101532949254,7,False,False
of,0.5854308753568627,475.3264462048494,2,False,False
its,0.3534676983286717,475.6799139031781,3,False,False
contents,0.44183462291083975,476.12174852608894,8,False,False
without,0.5412474130657787,476.6629959391547,7,False,False
needing,0.33137596718312984,476.99437190633785,7,False,False
a,0.2880845036511645,477.28245640998904,1,False,False
visual,0.38660529504698476,477.66906170503603,6,False,False
confirmation.,0.4639263540563817,478.1329880590924,13,True,False
Each,0.3976511606197557,478.53063921971216,4,False,False
unappetizing,0.3534676983286718,478.88410691804086,12,False,False
discovery,0.30832279477918473,479.19242971282006,9,False,False
served,0.39765116061975575,479.59008087343983,6,False,False
as,0.4418346229108397,480.0319154963507,2,False,False
a,0.2880845036511645,480.32000000000187,1,False,False
